-- phpMyAdmin SQL Dump
-- version 4.8.5
-- https://www.phpmyadmin.net/
--
-- Host: 127.0.0.1
-- Generation Time: Mar 12, 2020 at 10:12 AM
-- Server version: 10.1.38-MariaDB
-- PHP Version: 7.3.3

SET SQL_MODE = "NO_AUTO_VALUE_ON_ZERO";
SET AUTOCOMMIT = 0;
START TRANSACTION;
SET time_zone = "+00:00";


/*!40101 SET @OLD_CHARACTER_SET_CLIENT=@@CHARACTER_SET_CLIENT */;
/*!40101 SET @OLD_CHARACTER_SET_RESULTS=@@CHARACTER_SET_RESULTS */;
/*!40101 SET @OLD_COLLATION_CONNECTION=@@COLLATION_CONNECTION */;
/*!40101 SET NAMES utf8mb4 */;

--
-- Database: `spk_sawit`
--

-- --------------------------------------------------------

--
-- Table structure for table `kriteria`
--

CREATE TABLE `kriteria` (
  `id` int(11) NOT NULL,
  `nama` varchar(255) NOT NULL,
  `tipe` varchar(255) NOT NULL
) ENGINE=InnoDB DEFAULT CHARSET=utf8mb4;

--
-- Dumping data for table `kriteria`
--

INSERT INTO `kriteria` (`id`, `nama`, `tipe`) VALUES
(1, 'Rerata Jumlah Tandan', 'benefit'),
(2, 'Rerata Berat Tandan', 'benefit'),
(3, 'Potensi TBS', 'benefit'),
(4, 'Rendemen', 'cost'),
(5, 'Potensi CPO', 'cost'),
(6, 'Tinggi', 'cost'),
(7, 'Panjang Pelepah', 'benefit'),
(8, 'Kerapatan Tanam', 'benefit');

-- --------------------------------------------------------

--
-- Table structure for table `kriteria_varietas`
--

CREATE TABLE `kriteria_varietas` (
  `id` int(11) NOT NULL,
  `varietas_id` int(11) NOT NULL,
  `kriteria_id` int(11) NOT NULL,
  `nilai` float NOT NULL
) ENGINE=InnoDB DEFAULT CHARSET=utf8mb4;

--
-- Dumping data for table `kriteria_varietas`
--

INSERT INTO `kriteria_varietas` (`id`, `varietas_id`, `kriteria_id`, `nilai`) VALUES
(20, 1, 1, 8),
(21, 1, 2, 25),
(22, 1, 3, 32),
(23, 1, 4, 26),
(24, 1, 5, 7.5),
(25, 1, 6, 67.5),
(26, 1, 7, 6.2),
(27, 1, 8, 130),
(28, 2, 1, 12),
(29, 2, 2, 16),
(30, 2, 3, 30),
(31, 2, 4, 26),
(32, 2, 5, 7.8),
(33, 2, 6, 75),
(34, 2, 7, 6.08),
(35, 2, 8, 130),
(36, 3, 1, 13),
(37, 3, 2, 19.2),
(38, 3, 3, 33),
(39, 3, 4, 26.5),
(40, 3, 5, 8.7),
(41, 3, 6, 77.5),
(42, 3, 7, 5.47),
(43, 3, 8, 143),
(44, 4, 1, 14.1),
(45, 4, 2, 15.4),
(46, 4, 3, 33),
(47, 4, 4, 29.9),
(48, 4, 5, 9.6),
(49, 4, 6, 72),
(50, 4, 7, 5.47),
(51, 4, 8, 143),
(52, 5, 1, 13),
(53, 5, 2, 16),
(54, 5, 3, 39),
(55, 5, 4, 26),
(56, 5, 5, 7.5),
(57, 5, 6, 65),
(58, 5, 7, 6.09),
(59, 5, 8, 130),
(60, 6, 1, 9.3),
(61, 6, 2, 22.8),
(62, 6, 3, 28),
(63, 6, 4, 25.17),
(64, 6, 5, 8.11),
(65, 6, 6, 75),
(66, 6, 7, 5.47),
(67, 6, 8, 143),
(68, 7, 1, 15.3),
(69, 7, 2, 17.2),
(70, 7, 3, 38),
(71, 7, 4, 25.8),
(72, 7, 5, 8.4),
(73, 7, 6, 62.5),
(74, 7, 7, 6.5),
(75, 7, 8, 130),
(76, 8, 1, 12.5),
(77, 8, 2, 19),
(78, 8, 3, 31),
(79, 8, 4, 26.3),
(80, 8, 5, 8.3),
(81, 8, 6, 65),
(82, 8, 7, 5.31),
(83, 8, 8, 143);

-- --------------------------------------------------------

--
-- Table structure for table `pengguna`
--

CREATE TABLE `pengguna` (
  `id` int(11) NOT NULL,
  `nama` varchar(255) NOT NULL,
  `username` varchar(100) NOT NULL,
  `password` varchar(200) NOT NULL,
  `asal_daerah` varchar(255) NOT NULL,
  `role` varchar(255) NOT NULL,
  `status_login` tinyint(4) NOT NULL DEFAULT '0'
) ENGINE=InnoDB DEFAULT CHARSET=utf8mb4;

--
-- Dumping data for table `pengguna`
--

INSERT INTO `pengguna` (`id`, `nama`, `username`, `password`, `asal_daerah`, `role`, `status_login`) VALUES
(1, 'administrator', 'admin', '123123', 'samarinda', 'admin', 1),
(2, 'pengguna', 'pengguna', '123321', 'samarinda', 'pengguna', 0),
(8, 'baru', 'baru', '123123', 'samarinda', 'pengguna', 0),
(10, 'anas misbah', 'anas', '123123', 'balikpapan', 'pengguna', 0),
(12, 'anas', 'anasi', 'anas', 'anas', 'pengguna', 0);

-- --------------------------------------------------------

--
-- Table structure for table `perbandingankriteria`
--

CREATE TABLE `perbandingankriteria` (
  `id` int(11) NOT NULL,
  `kriteria1_id` int(11) NOT NULL,
  `kriteria2_id` int(11) NOT NULL,
  `nilai` double NOT NULL,
  `pengguna_id` int(11) NOT NULL
) ENGINE=InnoDB DEFAULT CHARSET=utf8mb4;

--
-- Dumping data for table `perbandingankriteria`
--

INSERT INTO `perbandingankriteria` (`id`, `kriteria1_id`, `kriteria2_id`, `nilai`, `pengguna_id`) VALUES
(1205, 1, 2, 2, 2),
(1206, 1, 3, 1, 2),
(1207, 1, 4, 3, 2),
(1208, 1, 5, 2, 2),
(1209, 1, 6, 2, 2),
(1210, 1, 7, 2, 2),
(1211, 1, 8, 2, 2),
(1212, 2, 3, 2, 2),
(1213, 2, 4, 2, 2),
(1214, 2, 5, 1, 2),
(1215, 2, 6, 3, 2),
(1216, 2, 7, 3, 2),
(1217, 2, 8, 4, 2),
(1218, 3, 4, 3, 2),
(1219, 3, 5, 2, 2),
(1220, 3, 6, 2, 2),
(1221, 3, 7, 2, 2),
(1222, 3, 8, 2, 2),
(1223, 4, 5, 2, 2),
(1224, 4, 6, 2, 2),
(1225, 4, 7, 2, 2),
(1226, 4, 8, 1, 2),
(1227, 5, 6, 2, 2),
(1228, 5, 7, 2, 2),
(1229, 5, 8, 2, 2),
(1230, 6, 7, 2, 2),
(1231, 6, 8, 2, 2),
(1232, 7, 8, 2, 2),
(1373, 1, 2, 2, 12),
(1374, 1, 3, 2, 12),
(1375, 1, 4, 2, 12),
(1376, 1, 5, 2, 12),
(1377, 1, 6, 2, 12),
(1378, 1, 7, 2, 12),
(1379, 1, 8, 2, 12),
(1380, 2, 3, 2, 12),
(1381, 2, 4, 2, 12),
(1382, 2, 5, 2, 12),
(1383, 2, 6, 2, 12),
(1384, 2, 7, 2, 12),
(1385, 2, 8, 2, 12),
(1386, 3, 4, 2, 12),
(1387, 3, 5, 2, 12),
(1388, 3, 6, 2, 12),
(1389, 3, 7, 2, 12),
(1390, 3, 8, 2, 12),
(1391, 4, 5, 2, 12),
(1392, 4, 6, 3, 12),
(1393, 4, 7, 3, 12),
(1394, 4, 8, 1, 12),
(1395, 5, 6, 3, 12),
(1396, 5, 7, 3, 12),
(1397, 5, 8, 4, 12),
(1398, 6, 7, 9, 12),
(1399, 6, 8, 4, 12),
(1400, 7, 8, 2, 12),
(1457, 1, 2, 0.2, 1),
(1458, 1, 3, 1, 1),
(1459, 1, 4, 4, 1),
(1460, 1, 5, 0.5, 1),
(1461, 1, 6, 0.5, 1),
(1462, 1, 7, 0.5, 1),
(1463, 1, 8, 0.5, 1),
(1464, 2, 3, 3, 1),
(1465, 2, 4, 2, 1),
(1466, 2, 5, 5, 1),
(1467, 2, 6, 8, 1),
(1468, 2, 7, 6, 1),
(1469, 2, 8, 0.25, 1),
(1470, 3, 4, 0.14285714285714285, 1),
(1471, 3, 5, 0.5, 1),
(1472, 3, 6, 0.5, 1),
(1473, 3, 7, 2, 1),
(1474, 3, 8, 5, 1),
(1475, 4, 5, 2, 1),
(1476, 4, 6, 0.5, 1),
(1477, 4, 7, 0.25, 1),
(1478, 4, 8, 0.5, 1),
(1479, 5, 6, 1, 1),
(1480, 5, 7, 2, 1),
(1481, 5, 8, 7, 1),
(1482, 6, 7, 0.5, 1),
(1483, 6, 8, 0.1111111111111111, 1),
(1484, 7, 8, 0.5, 1);

-- --------------------------------------------------------

--
-- Table structure for table `preferensialternatif`
--

CREATE TABLE `preferensialternatif` (
  `id` int(11) NOT NULL,
  `pengguna_id` int(11) NOT NULL,
  `varietas_id` int(11) NOT NULL,
  `preferensi` double NOT NULL
) ENGINE=InnoDB DEFAULT CHARSET=utf8mb4;

--
-- Dumping data for table `preferensialternatif`
--

INSERT INTO `preferensialternatif` (`id`, `pengguna_id`, `varietas_id`, `preferensi`) VALUES
(33, 1, 1, 0.16379753866608626),
(34, 1, 2, 0.13751030070472942),
(35, 1, 3, 0.15831303867952287),
(36, 1, 4, 0.1423196854162335),
(37, 1, 5, 0.16613355890473172),
(38, 1, 6, 0.14825179401270625),
(39, 1, 7, 0.1833510018158139),
(40, 1, 8, 0.15778511102033072),
(97, 2, 1, 0.13740252355733182),
(98, 2, 2, 0.11904700522621416),
(99, 2, 3, 0.1348823618851399),
(100, 2, 4, 0.1205301893695948),
(101, 2, 5, 0.14653100195510346),
(102, 2, 6, 0.12373520802427743),
(103, 2, 7, 0.16085062198378866),
(104, 2, 8, 0.13463065834251814);

-- --------------------------------------------------------

--
-- Table structure for table `pvector_kriteria`
--

CREATE TABLE `pvector_kriteria` (
  `id` int(11) NOT NULL,
  `kriteria_id` int(11) NOT NULL,
  `pengguna_id` int(11) NOT NULL,
  `nilai` double NOT NULL
) ENGINE=InnoDB DEFAULT CHARSET=utf8mb4;

--
-- Dumping data for table `pvector_kriteria`
--

INSERT INTO `pvector_kriteria` (`id`, `kriteria_id`, `pengguna_id`, `nilai`) VALUES
(193, 1, 2, 0.19887406586451314),
(194, 2, 2, 0.19438672723996103),
(195, 3, 2, 0.1671839250194427),
(196, 4, 2, 0.10723302053747319),
(197, 5, 2, 0.1146160419854223),
(198, 6, 2, 0.08433720295936312),
(199, 7, 2, 0.0709088209964984),
(200, 8, 2, 0.06246019539732615),
(225, 1, 12, 0.1989716077951372),
(226, 2, 12, 0.164249385572915),
(227, 3, 12, 0.13716605223958164),
(228, 4, 12, 0.12316297573650514),
(229, 5, 12, 0.12457308523484993),
(230, 6, 12, 0.12851931123989946),
(231, 7, 12, 0.06186996959055782),
(232, 8, 12, 0.06148761259055377),
(249, 1, 1, 0.06871847258392144),
(250, 2, 1, 0.2564811790050548),
(251, 3, 1, 0.09145919521861137),
(252, 4, 1, 0.10468010214637821),
(253, 5, 1, 0.13291324023819434),
(254, 6, 1, 0.07236094002837497),
(255, 7, 1, 0.08525340756686416),
(256, 8, 1, 0.1881334632126007);

-- --------------------------------------------------------

--
-- Table structure for table `varietas`
--

CREATE TABLE `varietas` (
  `id` int(11) NOT NULL,
  `nama` varchar(255) NOT NULL,
  `grup` varchar(255) NOT NULL,
  `foto` mediumblob
) ENGINE=InnoDB DEFAULT CHARSET=utf8mb4;

--
-- Dumping data for table `varietas`
--

INSERT INTO `varietas` (`id`, `nama`, `grup`, `foto`) VALUES
(1, 'Dy x P SP-1 (Dumpy)', 'av', 0xffd8ffe000104a46494600010101009000900000ffdb00430006040506050406060506070706080a100a0a09090a140e0f0c1017141818171416161a1d251f1a1b231c1616202c20232627292a29191f2d302d283025282928ffdb0043010707070a080a130a0a13281a161a2828282828282828282828282828282828282828282828282828282828282828282828282828282828282828282828282828ffc2001108030e028003012200021101031101ffc4001c0000020301010101000000000000000000010200030405060708ffc4001a010003010101010000000000000000000000010203040506ffda000c03010002100310000001fa3c1393632444920a4902490708822241cf15ed7c5744f0841ea7392b008903d074f97d6f27aafef797f48e6f7c96e99da8b6850ba6a4f9fa66ccde29a96e69b4156f5b995664b2966dcf5e6a3a833469eaaec8793655b13cf7bb54d6b60659934860b216823a31ca9419140ca206811411991164ad81b93d2c335c6e4f5397c9b7a7e074f9b4badd9e4f736cf2c873b10c44920495e473be71325af4c7c562d17bfcbf3f4b8f6fe5f9c3a12483a64958368a43d075797d4f27a57d7795f535296e4b74ced9414594d58a2fa1a39dd194499a4a822099744ceb35cf18f9ae4d5386ccd1d34c969662a22fab660973b4e7a05d2cc330af3691be5be96680ed485570004c082461920536271f1aed73f9974698797af1e4f754d13f4bd2f31d0e8cadc7e246f97abc7c0173d5c59c5a6522a4090008185486e082a9041a844882540fd175f91d6f27a53d5795f60e69ba9bb4ce4202b0d3262d02d15cdcfcb4e966e7e7cb6ebbf9e3969dcb78d2577aaaf46f8559b65bb4663b56d65bb9fbe2dacc7bf4840d9a56bcb9b949f537f94eae5b75e71ebd72efaf14076d79d893ebd537d4e59b033236b02e4e1f4922bcd5d7ec8af254dbaf3aa45d415e87a94dfd387cb009dbca6023124080a8480001236b20649253ac41ab256034523f43d7e4f5bc8eaafd5792f66e79fa974e99854af16d6657c6de8c99969a787938e69d1af2b3abdb8f535e936f95ba2bd8f4fc277a57aa7f2bb5e5e8471aea9b2ad1652ccdaeedb3c556fc6964a3b798ba7a78ed7162e5b2d5c050aba0b401368c013e90c1a1abcd72a6c51913c1c8eff339f6e36fe7f5b3311ab595baeeadfd38fca8fa5c9d7cfc49e934a7e4a7b4e0a7c8523588b0040559208c904a758935720806023f43d8e3f63c8ea9e97ca7a72549b34ceba7465e5db2ecf2273dbbfe6fa3ca57939f653d19af4787b2a569d78c2eaeb6a5a7a3c5d11a75d39ef9576b6797b33bf536f95d135eb35f882e7e915787f53a73f4724afa326a7a2e2f3b97d6d0d72b56cb26a9cbdbaae30b6f446516de9d851b482b9ee1b65b71a3c87a7f31dce4d797d4e5758af4930d9d5871e9f2336cfd2279e94badcfa452008a4b2405043003020869d040d9912042b07e8bb3c5ecf91d55fa9f2dd651aece6f435cedac5986d8393d7c7cdd3e557463d1e7e7f4b16d9e6706e3556cb16b4dd4d48b5180d996f55756e92c5b4d4d6fbf13e7a6ad5ca78af61def9ef5e17b4b399afab8ecaf9f6d1ad323c9d0d3cbc573dc9c6d28d16e5745b935e01dd65f1ac38ba9cd4fcefa9f2bd1c6e8ed71fbe1d87a6debc3e530ceae712019040005400206208c0080924aaa55976249020303d0f678bd9f23ae8f57e63d2886acadb62cf5bc5558fa0bcbb7944f61cb9d3cfe1ec61e7ece3d5d4aacc54f433699f3d3567df14b56c734b056b6d46b9a44b68b4dab15b2589a5228f479666bd27a4f0fd0c6fd969f3ddae9e4671a74caae7eea93cdd2a96935b53a25d4d02d56f3c0eee2ede4a30ebc5ab9f5b3b1c5e835e84f1badd397ccd3d3dfbe3e447bb44fc40236cc290c00a8c0318b200844755291b1240c208477fb7c4edf91d79ba18b6e55d4d39ba7d182d76596b99d234c3c5c8b32795e9d596fab2eacd5ea5663cfd0cdae78726ecdd3866be97d726cfa482d4c455268a1a570cc6bf3df14d53d6e7568e4699ae97a7f1fd583d1e8bcebcf453d13a4e5beae913c4c7dab24a85c424a35e8b279ff0041e773be6e84b39f4d1d5e6f7ee73f42dc3b4f936e58ebe5ead1855904952010350431410c590011237589366240c224477fb9c1eef93d74ebe77530bdbd7cdbba79e9b816a723a7c1e6df2a5f579be9509749d72d7b40f9b4f4f352e253d4e6f565905f9fa79b5b63615b5e8db9edcc5d1554e50eba631d054d94aa396d595c7d3eb62efe17dcd3cdbb4e6e965cb4e8bb14e6b61df7630d6ec566715af5e761e275f838e8b764d79d5db7275ae6ec1da1be7f39561d9cab158249015591b0ac8c920645200111bae41b3920641223bbdce0f7bc9ea1af9fb70d3b5b71e6d32eb3ad1a466e60cfe67a6c8af8f400f108e0b2557c161e57a35a7e2f37aae274c71deccfd5c9d9dbc0eef3f4e9cbdf6cb4f15cff0069e776c792f2beae4b2ca750a3078be97bcf9ffa7ccebeba3a3b73e2ab464a5a992f92995d8dba144ac456666f3bdae1e34d6bac5eced70f6691d9a79f76d1e1841d7cab086090222c0c0a434240d95806082dd504d9c1204120bb7dff003de87caeb1ab06ae7d3bd6e54d32dfc4e072f1e9f4e38fd4e2efb59648e2bc8cd8dcca6df7cf23599ed35b08a5cea78fcdf5a2d78ce9fa136b33dc2564e4f6f9f3b78bc1d7e5f673ad95dda624150dbd4e1f432d3daedf2fe8de482c6d7160ea985d48d73b075d3378f6b57a4d3c5ebf230d3602037e8c5768ba733a691e2c01dbc90156452a88206a2956410320206088da0836624568c1a64e97a7f23bbcbebebbf2f14d7b8e763e263a69e2db5ceba7adcdd18efd67c7af0dd39fa79768ad0bae66a5973b7b1c068af5fabcef5333a868bcc642a22206e8e476fcccedc2c5b6aebc70dad5eb85ea6c4ebd6b5cbd7ec3c4fab8355959db98e850eadbe65acda0b32d6fc5a71e99e6e6f439f869aedcda516dd76cda29afa7ccd27c4c03b39645828b00e091a0b03208008807202da215dc22002c97675d0f5fc8d7e4f6a61df4f563e8b8bd7c5c5d18f1df4469e633ecc5d3cfae51da8ae5f5baefcfdb81f4b4e4f87a77e7cbe4a8f4d4577797dfe8793a2e8f5fc0a3cbe969e47d6e7560033a1e3fd6f87ad69539b7ceba4a6fcf6ede6da96baa5916de83cf7765fa6d54e9e9e3a96ead983697cf4adf25517d2af9fd1b8e772f5e3c2afd39b406cd1cae86d1d21ccb2e7c3449dbc8c163522a83800208ac316048001291d248bb9240c2f5323dc083c6edc9c9f45cbea9ef68d59f92fcfad7c89587d67773e5d7e7b3fa5f1d47abb16fe7df2e4dde6dcf69f87163d2b799d12a8d86e23cf646c3d9861ea62af68fa1763e4fd2e6dbe85e43adcee6eee265be8ebe5aeb65d3176bb3859b793d29abfb5c5efe55d76b0efc97e0d4c69555ae971cf3d3d796de67aba2cd32e056673ddd751a47a2f4b37cea8f751f3d8a7d0e322408a6041002c300090143062430154a6ec80ac3010f65b7c8fa8f2fa716bbfb9ae7d0f39ea38be775f9deb6eaa35ccb559cbdcde1fdaf8aeac3bfbf17431d30f2faf9a6eb8f73c7cad7e9cf473f2746fc31a717759dd2bce67f578b3d7ca67eff003baf970eacf56fcda173da99bb35e8d596fa550d99b5a2cf4fe77d045f71f37336e5ebbf3cc6968a147d2bb197275f17a44f202d9cfa3dd55ac39bb037cf19eb600f066b9ebf23c580628070b04605190a59200c915476288d0900e1003a9e9fcafa9f2ba5bd1e2f438579cc9d5af0e8cd98bf1fa11ec4b55703b2a69e63d15586f1ee67e0067a03e7ec1772ef3aa1e97ca1ef5e5d2d52dc2cada2b3c7ceee42fc3703ea7c1d0f9ed5e8f8ddbc59efa1ae359a9e2acb6909f4fd079bf479d74b2e9978ca3750d6265bd9b9b0df2d37e708e5d945d8ddb0d03ea0cfafa22de7c4cf4f1304f6fce680030580d1558e143180569a282980812000d16030581d0f55e4bd5f99d3e97a9cfddc97cfc1772b8bd096e0bb2ebd57f95dba4f5b3eb09aa0be0c6bb62792cbdaa56f175652d8ef15725c80518c1626bc0ef79d7af9ae5f6b97d58e25d357472c64b40b0d68dfdd4df25b96d771b39b7c173f465eb514dba1647a77618ae45b9db2bddcde8625596be8db86dcbb7a219e3009f4fe318a5b90006820a4018400c30003160c95804402854aaddeafc97acf37a3d56ac7bb8b5f3d8fb3b38fbbcd55e8fcf4ed3cefaa06dc0f43ced11775a96ce65d6c7065a6f34b0b5447584b111a80a856449bab81d8e3d5f2dfb1d2a7e587a0ea23c0e4fa37902f0eaaba5d3c7d5b40d7985d55f7186d57cf48755551655b6b4e61e8f360e53e6d915ab99d5e2aabe6299e9b8f38b5c4127d27926296c8800c580441441009800108810a90304449215afd6790f59e7747adeaf2fadc7550a7838ef7738af17a56e9aae048ec245b0482eaeea97757d3190c681010d160152898928578f8fafafabbd74c9cfc4fafe2f531ec3c3e8f32973fd3723bbe8f94d8aca6e346be7e8617a6827a39eb01d219742178fd0e56578b763dc86c3b3145d2ba265b519f7254f97827d3f906089b00018000c206a011b301684100c11044231241dfebbc7fadf377f689670fcceae760070f51efe4b4f576f7f9ab547ab7e17617258058a56d467361aeebcc19049081c822616c44d68b29ababab9ddc1a9e2397aae49d7378baf47672fa4ead566d85b4bcbcf8bd3dfa52e4b69aa9514f6a92a8d096c5f3b93d5e373695ecc9aef35cbd0cf3a653a71e7aca3560a8e08dd9be8bcba8434a411a3001b0105040d98008c58c68221a294e152167acf23ebbcfe8f79c6eb733c9eca38fdbe6f377f317617db9cecb59c5b3ba0c97a5c7ea67cfa5835e12c4672640d45741832262bb691d28b6d5e8b716a99b2bbaba8a7c36af2dd11afd763f45d3cd7b4d179e1a77609abdac825b325e27c5a6a56f564bb0d9795d0e4acefd3937d212ee959467d9874816d3be6bc55fe667a5cdea57cc34d7a4ab876a5d4cf9f40f2e6eee90f267d7554bcacf4f4d2f3a7b39b59e7cbaab42081197b70dbe91a38de4777a1e49e9f269e6abe8e2e2eec2f619d9f4d76b8790bce97b19963a3de51959cc20b503005220d69b31bb6cd732d3c67a0e9f9f75afcc710f6f03ec4e8545da3a5738b3b9937f3d534cd8166454a2cd98c7561acf27027e839679d2df99a33635674b9dd01bdfcde9ed3668cd2d68d98af47c8e29f638cc58360220891844805ab89e9bb9f21f5efe0ccebd2dde4ccd7ab4f316cbee7a6f0bf58e5d97cff4383e2fabec3a5cdb3af869e758bc7db51b1e6d5d9ea10d85c233b54a1101e2b344a8698d718c91150c971762e665357cf3e83f27df2a7767f67d5cfcbf43d39253ae8e893916bd5cda3f1aee5685fdce5fa2e8c5475706d9e0e475f0e77d6c380e5a51c7ea72616cd797507574d1d0e98c7574eaa582762c47c3489eb72b0520c24403032410211186080c20030409214773e9fc74f0fd2e660d79bcbf67d1dde6fa7a726b6c6d8debbb9fa1adad43de4e6b816942e4aaaa6ed546ec44ac7a13265a7d2af3ec4c692e66230278ff0034f73e3bd0e7f59bfcafaed70d66eab0d72ea5ea691e7ebf5575e7e57a1d4898e8d0b53aa9954d2d14e29ae667dda87c3e67679393e8eacbb436eebf5f4461a3ad95aa2beac0f84413d5e59240602030102158c30164900cc100c9047b9c1fa7736dd5e16dc5f31eee4cdb72cf4e256e76d9f6eff38d5cfe976794d42f4fa7ca6e97e81b81a65f5d78d5b3b338f7a7beacba0026960c7aef714b52c986757ac82356df80f3fab9feb715fdff0035d3e8c3d4b62bb837dda38e995f6bade41daf473cfb457a8a381707aba3897da3d1e7db9d74b907cc691bf9d7d0e7a1bb150afdc6df19eabaf1d399a8a5b02a87c2645f53998a91910218021200d3411b304030403240bfeb5e0bddf8de860aef5f13d7cf46fa5df179ddec0ef949d05db1e71d89a659bb3cbeb29d16f42de778b46abdacf35354e5b6e2d532d92d612925b2356323566b45d9e6fc8786fa3f87eec935e7bbd0e0ebfa2f1deb71ab213e774aa5d1acc351663aba21ae68e941736ed68198da8d72ed5173beecf22efea79c7a5ea279d747b55f24749f9d883dee28641c80a21580608c32409016421d35bfd3fb7e6b14e9c7f3bead66c3974d74ea5a78f07668cf5e1ce9d2b4e553bb26d8e4beb4d33f61a797d1e62e60ad5d667b2e2d88ce4860948201908475672b9b4e45a79df13eabcaf4c9b2bbbd5f29fd4f96e8eb9fa792bf1fbaf10c306414322049180801972f4ea672195b58edd1a533bb994a055781665d619f2f907d2701820180811204220182042187a7e95cff0043e47674b0503caed086acfa2d6ccf4ee00dcc4632f253b73e5af2f17470598b0bf07bb87e81d1f3dd1e4dbb432df9de8b29b9c9baa670e5224d148125aa4480073f670635f33c7db8fd0e696556fa7e6d97e7bb5cfb5d7f25ad1ea570f5f8f6cf2cab87a4c061c90b511d534aeda838b7e3e96d9f5e038e8448d180840c03e6355d47d1f0192512480608332408438e7b53eb7cbeb15c9e27a25919b95680ccf65a2c42c0029a25ccc39155af81afcaf5f1e7aec1d9c3d8f57f3dfa079fdda7565dbc5d6f7adce4318230c1330672608d45644e8f21dcf20f4c792da3d5f35afa9fbb95acadaa354a185abb7e477b3d9dbe47aae7ac8da383a734b6ae1e88ac26973e8ca1c2ed713bdae7b4c99d906201900c903e5c9627d0f08925841006089927d14be47bdf40be575caccf2bbd43c5551b250214a0aaa5162539d55bc6c3e47ab97abca36f6f0fa7f35dce16d8d6b6ae767d8f93f63c1dbab5d1670766cd393422e00a4cc919694352c5234f95fcd95cee23e1eee5581fd1e02e966b11ab768dd430a870aaaebb090ecf63caefbcfd4f439dac959a57c8f432e3dfcde7d78de838be8f68b2138d292050c8c80c0f962b27d0f142b18e19d35dde8be87cba79df4cbcef23b1921e3eb04ca70114a088db549453be9a78171d9f1dcea7b789029e8e66d98fa4d3e1d75e939d5d62b4fb3f1deebccefb45bab87ab1e9a08f63e5d293c65a50a56cd098f00e79ad9c0eac12893d4f34ba1d64ba354b485a20012354269d0dd2cf7b05dae7d55e463a5e97d0783da1edf8d774f0af23dfbace3e9a630e4da0688108608607ca1abb3e838d66af7595f97fa0fa04f3b7d1cdae8f33ac15b32e88d26924414406b1ca665a739bcbf25d5cbaf22af670bbd7654d1657604e9f32e6bab934f376800ccef57d1fe63f40e1edeb6aaf4f97d7868d99d52e8aef1d8ac2a68cba72aac9ced5e33a70bb9eb3d5f34b2d9b429329421aa4c101a8bf2c8b7298b6744a564aec15b6e5666eb39168bd3e9f30ba47b2e9789e85c7ac5e6e8e7d2e3657e5770844548607cd3d57bed9dd9f2ba54e3f3fa2dca1793a84855970d6a453680358c5532533e2e9e2f7f0d881ba792a8d5058f5da2a6caed01d4e6ca5b73325c965334ddbe0e89bfaa6ce3757c1f52acd6a6776df4332cae9e5d4f4787c5e0f6f3dd9d1bd0e268ada41743536046a4606a4ad200a2c6966ca23103ac375b004acb271d0869b325969ac084f6bafe47a5a47aed7e52e4bbeb5dbe3f7c92677e972d5472f41ac8cf790c6d589a0b0972b006c57323729e86fd23e398febff0039efe0e29036c4d6c895965760556d570351a68658f55ad1574612233d4faff95fb8f27d1ec9a30f27474b91e6f95dfc9d6e5547b792c446b958ae2241a5207a98c918594d22420035bcb85510c484e00d2cacb815a4639a1da7b91a93357533a95a4d23abe9bc3fa3e7bec10de576eb9070f7868cc1246cc615316253351ccda96e9da5795b8143e69af23e4be9fc1e8c3c4ae81e9f9e8f1a555656f2f4536d412c46078acd1a9ab01d5e4dd95f7f8a9280186b0b58791810c06bb510c6a4ac1ea55816848ac6a5913b164971944b8484171653358b1a950543e9a2c6ac6caed58aed4b556d2e6cd15e767babf83ddf2baf5b03e5fa8642c5808c88968d6b5300afa54332ad27ac6711c59fc8dcf5bc9e73ec79d083d3833d6fcb5558b6654c55c2b28c06dad8482cb5aa46aa86a00a4c854012d2ce7d59e9096a2696950b1b2d95374a1ad3d51a5811e42004c3d8a0b6a9a1923302d6206b92d60868a43a395c5a0a2dcbdd975345b36da377abf0decb8f5e9993c3f68c0b448aa0f44a699a86f683446ac4cfe7349ef795f3793d3e2ba923bf92111c92a466fa2fe7a42adcf4cf55c1546509625a2b7a3c95b9fa2fcf6b99dab41a4c24a2ab02849610a2c018eb1c14356d25ac59531641aae51ab29447b2aa5667bab68d71a5a3b4435c99e946664dc0b1a0e2ca97ba8be965d98b630fa8f39d8cebd5113e77dc00ad308d58559cdcc7b96965bc8e3791efe4e8f264f5b82492e64804648c324036d37e14219cb65d603536284b6bba956591a90b0287408c844618c215c753baa2571c03ad6268cacb103303d6412e400ed5681254d0722db22e8a650b08116089da058d58d5bd21aaad7738f45011b76e2b9af7c22fcdfbf20144c966663681ca0d7e17161f5fce824efe5924090864060a49190c8897d1b72aa819c9618285cb0b2abd6392a18232305762ab2c922118334c9667a2f0aa9595dc06a04022c5095da0155a0c16ac52c8a8688ec04a817ad9a116c00ca136b1a345eb76aeb72e9b9ce5806bb6aba97bb8a7e6fde8933d0b60e9d4f90f11f67f1de870f821d1c3dfcc81a6a90b00048052435018c84140db8f7e6e904f1e95c6012da9c42c29691a4902c03bd4352120408ca866a9a94576a150580c8d503340220b0322b82164441628d417140186a0b042ac28e9604b0352953568d3ab2e9b54aa916ab2b6a3de0a737cefb9a29e3f2ba31ed74bca5fb737beebfceba0d7b5f2fbbb14be4bc2fd03c7da3e233de792e99c0b6a6b0a1a509180963401d0e7f461d01d38f488c00d95b894c5d248b6b8711ac1a18293c520b6228386325375718e90b4415a02e8a82ea45cd1a6c44358b5818ea16576589e75b141ab7b42b28e8b6b91a66894a2412efd79375cd29756d5da2a763e559e7763146a97be9b5175f92e1f47770de6bd6f63c26e17bacfe77a8d70fc67d82ed27f3f57f67f1bd13e246dc7d30a48686dc9bb333c61cb6a0c1986096134a0528705072c42d4572c9080421d288d58dd6100d70a5458542ca458c67a882178d1adad40a5dc2526f4d121021a0092f6a992021364b6d99b55ca52c8d5b6add4b28b5b83aab7902c8a10d650edd8f4ba57e8cce9f436f2193f47d2f27a43d96bf1fbdaeaf92f4db697c6793f7ff3bb47c975f6799a2c49755980301c260ab711a5240190271a069963515da0014b9009a9c492ea8259459439adc48c602cb153aeea19ad142de0a52e1d05a2085bc2b12c13895d2102cb96a897a6e4b349a8de8d1b14b5542783ac9aa05a8962190ab1de8b9a62853b2fc805d0b79ba436e9e5daabbbb7cc5b27ade878ae8b3d7f3705f53f28cdd1c1be6b010104134100816054ca06e56520d141e422aec28dd9558804a3310b0115b15a6118040c328d002bac0eb9582d70cd34566d9aca9a08d054c2d9dcb69bc57d869d62dacd812e576a85dd4f9ddb98b4a952d102480a58b6228135763314922b0d00355b8ec6f7dfcfba1749b0dcdf039bdbe2ed9d362bd248ca1012d234500430c18c92c26812169d4c18557088c590a910323058a0458105b15820113ab368a33bd6d8ddcd8f4582b6ea35e8aaa5eb912431565c97b56c35eb0d0c0b4d6cd752bbf3f91e8d35eb96b9f35e7a850454ac68346101a2bb156c412bd6596595da8674613d943057c7ee71358aa1948470ca9c3b55c0462189404840d18b1a30356ec6578295b96002d0ae358152b58258b7b55c08c0b709aca97ae374b3ab52d5bda7256e56971151c3a2e6365a8a65c411995df5d61e8e58be3fa4a2d0d67a3754d63a3a34d4e13a2bb8a63a52560461960328b0219051d1c1aca00b4f0fa9cdd66a4b52e5848c0433488d070595a213048d0318a9011a3259586a5a9190b462c2c8ada46808cc466028088aa95d72bae36d0ec70be8be2f27ce4937811a48d7d57b0147d6509565ee9a49ce458ced056f17d23206880b4a556465755e8e6ba772330a6dab49ca6dada58f048e0058f45833188261e8e4d232d5a336b9c848032b63329408550430a04842074024382424038348075612235080811a52748538af3374adb5c5a75399d795ed28d14f1ebe06bed71fb328cad4a3a1b56305a52c622b11450e508bbaec3c6f4a1a482c60e44aef1d76db1aa56d7666a7746b995f469b582bd9454d46354aad842b6583be937b9e767d3474648aca0482c216c4229280496283192120ac500c163481a32060123464200831b42b52e0921975d76579b5f53e5fdd675d0aac5e5d789c2edfa2a3e66fea7cbf566b621d332e8d65852c6891a428eafa6eef36ff00ffc4002e1000020201030206020301010101010100010200031104122110310513202232413033142342403424431535ffda0008010100010502fcfe2dff00a3d5a2fd6bdb475edb47b9ff00d4c89e62cf3796678c6cddb0b46a944d821185458dd8702203e647e0c3d9385f699e6d75b9d4263cfe01623dd17774b6adf11420e9f2fc2ed888db874ccb35150b357757601f3b91574558f6e831be9ff83c5ff7fab43f0594362f5f331b5f77973cb498e9630598f74310473888789c01e6ac5b4176b732cb9b7ff711b2c33cade7f8f589b4798710fc67dffac43c2f5276c1d733cc581c1e9cf420c584030a2b0b0575b6a81de9fb3576e74a9f0d0d7ba22ed1f9090236a6958de23409afb85f67ab43fad6690fff0054cfbbd162ee9d883e9c4b285729456b07ca141e631c42d814822187e7839de2138006267996b00ab6d6079eb3e8f9b95ce02f336aeec7ab1ee84e00fedb35ac7ccabe5a83fd4bdb43fa3d65d446d5d0b1bc4aa8fe2863788de63ea6e78589eadebd0fc1669fff004e66e40fe62cde4cf7cb3cc1185b94a002001e9ccccdd077cf2df28e0b40e23d8821beb0de7331f76c46b5db16982b72fe4acbaa40aaaa155b25f38ddb60391f858a8975fee3a8cc4d4aa4bdb7b5535258ae38a74acf50d2021adad636ba858de255c6f1378fafbcc6bad684e7f0b7af43f0129e6f15289b46eebfe9872073d331acc0f3a79a1a79989e7457e87cc24ab80697db5d1508ca1580cb5625bcc0300660f94bfe2da80620da1a6d18e00de26f59e62e5f508b3f94279f16c769fdd316e1696716e99e53a74745d2a32da369ab89a93b8ca283e4aae07e76f5e87e0269c7ff004ccfbfd03a131ece1ae222ea109b1b319809e762070456c4356619bb9e582ae23673670cb90109364e2061bafbc60de5a5566c74bed26d37cc6a0cf22d3052c5bf8a00b2af2ce9a950b8e838e846601898ccbcf936ab834dc79f0ed81b5ec1b53037f5fd7e76f5e87f5acace351b9b0379b30dd0ccc063be23b466e7556ae49cc161c9bb6b0b4195b73e70946a172ba8af2196644dd098ecdbb7de484b770a5e7f1845d3a13e42115e9976a57e5443b837c98666dd8b4ae3a11999f2c0391e9ccd6b667f276cb0cd223b4bb8d4f685ae59b9f3f9dbb7ab43fad653ff00aa0501e6659d3ead25e5b60596ea0925f2d53f27e57f255e07c4f34ca6e2a6abd4c1ab4cd7a95701f115f8f3045b2707a64886cdd02e05d37ed1bb85b7736e3b94f0b7a2cf3d21b78dc5d773086eda1586d5c34631471617cbd366db743b659db48a0c3cdc83738a501da3fe03dbd5a2fd6255817f9a821b933e7ac079b1f106a06e732c3b65ce73bf273cd6e37a9dd2cef983b06da436d35d988ccc42dbb625f16f835106a626aa26a7916290b1acc4b2e59fc812eb810a32f7ddfd951b2c4a92d6515db8b2bb041a559fc5af2f4d4882bdd075c72791a9e29b26833e52f36e8fff00474bf4595fff009e71fc0af757a3afceaeaa95bc49479ff85bb7ab45fac7753fdeb4578d8bb9a118370e35353a94d6d819af565b7bbc461d34e65b0880c7e6080f018899ccc982c220b279b333ce7956ab69a2e160fe3d4e6da9044ad10262704f968ce54d5283b8198109c40732f69da0865af80b92ae7075adfd2ddf4f63aa57df46c16e6bb94b498d754b536aa8f2df5956d3e23ef3ad7975ad6b7e13dbd5a2fd63b8e351e60c799ef470c4b068dd3555068780cf1f98d0c4382ddbeb133d076cc43c9e99220398ad899cf4adca1d3ebb9162b1b3267f89bbdcc7cbae9af115f7746e67c5480a5ad482eae5faa4116e0113519965d97d6b360fec54ad74b576d01fec1ff09edead1fe91dc9c5cabe61d8ccc95911d488470e331c7b6c1825638da5d662089cab71330c1d44faccfacc5399899db05911a53a8659a7d40697583cbaed2056ee5af6b4c1e7aaf976d89679ca6b52c528463657565aba4c02a01997cd0e08e546f26df11300fed24f955fc74083000cff00c1f47d5a3fd23be3ff00a1462b03dd1492f60e31c3acd45396af42f2cd3aac7aa3553cb115638e4f413ecf113983b110f50731b2267311b054caacc4a6dc80e2564cb0bc4f3486ccb28371da2a5ac564140f7356809f71710a903eb1fdbae3fd89f3b428a53e3a6d42568ae841b147fc07b7ab47fa043fb432e370cbd8b3cc4119f9c42a5a6c08af6f361cc786626238e5a19fe5447f8d5f36e231c4cc3de2980e44e629c157ccaae2b29bc39d3acb4c5618b5e58d85abb303b918f9973cadd427f2137bea1225aa07f213ccd43ef6abbdbfa876a34f53a526a2a36a2fe7faf568ff004887f6d1c11b254013f76d7e62d62edf350e634730c3d0c68c383d10c3cc4182c731794c71dfa899cf432b33b44b3dda5b98c7f3b7325d8f2ac00d76e569e16b4586a4debe5f995d69372976f741950bcb6a8ff62766cec8a87c95d16d7ac73a515ff0cd550b3caad6dd480d47e3faf568bf488e3fb6ae260183807bf4b1f6adae598c3d31310896af1f4c21e3a01998989d8098c1e9f7306133312dc169e1f6fbcfb8f77f9b30dcc18e411b6950ceea99ace02ed2594f999e126a397afe0dde2aff004e3824d4fa7d57935ff35fcc6d75a4beaad61ff168ff004ac76fec4cca56cdc034c1cf4d43f27a62626d856110c7e18f31ba03810e3188bd8c23ae489be16cf44c634f3c3d7ffa18111dbd95f0ae374aeb005879d38c06ef95c6e4116e49e7553cfae5a62fc0fec302df0557acb68bddbf3fd7ab45fa4465c5d54afb757f8b824ed87d189b632c74e0f048e5a2360ab61b00c34fb59088c310fab1c57c9d22e6695595f7db9d8cc2c5b51556ccec69fc65295e9d360d3218da6a8257557b4d34c02b63e5a79767c4bed6ff00f5c6669c30b3cec4dc42fe7faf568bf48ecc06f42335dab82e221c832db2178cf9f5958f5cbab8c0a9610f75383400c2b3b18a47a63d7887be4cc983998822afba93b6ca7de0e59d431660cce839c6e96e020f6d2ab1c6daeb5c068142a3714bc09bad5fd948cd8879f6aaaf2dff00368bf52f67fd954ab1b75961475185b9f68b1f24fe2281859a696e9c82eb3b14241a0e6228c1a94cb34f3534ed27a030431209a4bbd958e58e14b456e530236d65666304b7e3bc63cd558f62f976d89e534afe75f7af716a45b9c5b616a6d4ff009f45fa97b59dd255f03587b6db420badccdde9cccfaca06966895e37869c8f0db33a7d16c2100988c26a5019a8af6b62059cac0d99f16cf1a563282e63a6e8d57b529430535c7aea0a169dbe5512e4a957cc4580d7bac35ecd46c157faafbd3da9ceead9b3baccb5962ffc03d7a1fd69f1b4fbabc99a759aebcd42dd69286f7634d84c53d58c2deedf3cf395d5a98972b40c267d18f4b4bd7dba8e4b0c75c741d973b343680c71182ed5518000985519af68085aeb1777f4d90a56d2f6da2e747ac7ec4f855f147d916e411759588fabad8fe71ebd002516a6db69a729a8d2834eaf4db751977d569c3c28c86a6c44681a663c63ce66333bcde41ab52cb2ad40681b856cfada6a9f02c39272630f6a9e9de7d031080f52f995f94a09a04fe2c6a1037f1eb2c112b9656912aaeb20207d48161b556aad3e7daa5f8a799b6b5733df9d96ff00c03d5459e537f3b518ab4765c6cd25287e0e742af559a219356a2a8352c0d63ce08795cc025af5a47d669e7f2e99fc9a8c6b6933ccaa044682a2ad458ea11a2367d466b4fbdbbedcc1d8f02bef8839463d3478647000c2ed4aeb30a26e3556176571d6adde45662d5511e52799a855053e47f48ec876d3a73885888f71ddf9c43e9ff1e134f9dac4ce2c56ada8f7de7f43998c8bb4ab6cad4d76d4b9655cd9a872cd4e8ddcae85560d3220ab4caeeba3addacf0d5dcde1fcff0006d58cf7d529d76d95eba8715581a67d0d35affdaa331b8861e4a9c33f64f8189caf869f76df319ab4c05d91ce2576e590a96247999957c55435daee2c4ecff0fa3fab4f6649f7cf2eb2bf9c43e94f72f820dba6d5d8505968334c57cf3fa134fbab642202c0f9aa3514ab587deafa2a41b02f4da5a52db552cdad53357352479dbb103071a9d08c25619594d7345e27c860c3a34d49cea036233724ced17bd8c71a731c4aa6887b91003b14c28a49da6c34d7bbca448e8acccdeca9da54554ea1b362fc1fbc2ec5b381e63083525173f9c773dfd09f2f0dff00fccd5fcac188c6785bbdd4eacb66d67addb500269b4d66a9a9d32563c42ac5687d89ccc462677095868c3c984cc657241aed8fedb2e3ed9a4d55ba79a6f10aaee87b5cb966e0933b4cc58f2b3cb732befa6efed013ca26c15a2ff5eefeb978ac4ca88d4e578128a50a3c1f17fda666b9bea85e88db0afe70796f4afcbc2ce745acf99af7534d02f9e1da6fe3d5acc66f059b515b4a285d168f12f4dda7a0eed357fa565c7db6598296592db2c55af54a425d52cf3c344b2bc3bcdad646a996666669b5d6d128d75578b79961c4ce63f711780dcc1f25317be8c12da8b0acd3aed4166627caeb710302b51197edba1e286e3a77b47746cb3dca0ad8ac6cbb2bf9c773eaf0b7f76a96798c89a119b82f975ea492c473e1da615cb1f7910fc74dc5fa7b3ff93911ccb104a7701ae01e96ce39252c658ec70fef6c4223a068d595eaba8711df339e8b04fb51c8e9e1ec0446acb3dab3769c406b59b51dc6d9538965a029b4cb48f22c83e487de5b6ca2c24d8dbac5bb6aade09ccccdd374cccccccccf5e271e83ead26e22bd6b0551a1be68748b4bd9922da9e51a70b35176f3d755fd1aed35415cf675e5960cacda23508c574ca0d9a70d3509e555a0ab7c1a7ccfe2cb34a63d4c25891908ea5b77407aa77498e340322c032e79a7dc2d41b48554a82b00815350aaa80032dad4259147f653ddc8dd46056a509d81d6f2adf9f3f8343f3abe36d6ac2bd05495dd4baca34ad63df697300ebe274ef1a6d5b69cd7a8aad9c1056010a40b00989ac7fe56a6aad6bac098856354a65ba24696e8581b68659b4f5060862c0795391a3242e204dc4711831b75966256c54dad9b758d814af17fc2cf9a7ceaf8b1c446fe9452c6fb36aafb7fe7d0feca3e3a64dd6b9e2ce4da715f40234261c303508fe1f499fc5d45701d6acfe56ad67f3f513ffe85f3f9bac30a7886a6787687f8a3107a489ad1edb0011d663104ed33d0194f6a7d88ccbb15952232c6606101aff6efadff00b6f6dcc8556bb5f2a7e6bf1abe0f66d29a8ab6ff00329965d54162b9ff009b47fb28f8e807bed8dc4d4980cdd0593398cb3e24731966263a01041074c7a8cd5f3351ddcfa9669172d71db010a9cbb5beda9797543e77947cbd1d792e9bad35aecd40027fbcff00527c2c196b2ac9f20cf24c6a8e3fe6d27eda3b787cb25cd351671bb9670aafadda74facaed81b31845e9898989882083f034d41c9b064ba626de31003313134b5f996a2847b2adc5c715f7d436e74596b10fab3b2ad30c54fdda6a7e44e187eafa3de0c743ff003e93f7533c3e5a65d9814b1f20ac10d08f35ba1659a0b2c0034fbe826262620fc025e70ae3336e60a323f89b8b68e3e88c4a887d655b4787a45499684f15e66e05c1898deec1ecf3440e3735c85ae70c4983e1fe778de6c5cf98b3cd584ffcfa4fdd4cf0eeee324d3bd928026ab010889d9f30f75c9817a89898fc26097f2ba8e06929cc2307cd55bbcb12e51b3697b75aa459a35c4265730237b29f74ae52b81b8829c8ac66dda3cdbfe47e23bbfc40f7edf71495a72ebeeff9b4bfbaa9e1ddc89da1389a86c9695f685601d441f904d4d816560df6568156c5e2d43e7699b29ac6db5e9579c79facd3a096f96895e26c0f1f0004cb792215f2d36d903909a63ba20dc6def3ff00d1fb0ef99be29c9773bbfe6a3f6d33c3bbb9c4b2d0a2ed5f3e66e9de281899ea7a0fc9619ab4361d353e5a087b5e98b34c78d7fbcea2cf229d1a7b2bac6cb59526e595152456c66392594f9d62c1799b89456294d77616c3c2f71cdb77015a644c88b8c955cffcd57eca678776d65db4ea7504c16c16721a2be257603319f401f95a5432d2c6c45efaa3eed376d5dab52b3b5f6692b7d9871374bb1b503ee0c5a7c62db5e6cb15e6ca8cdbfd7aa53fc7abf5df13e751f7ea399fe074c427fe7aff006533c3ff004eb0ee76d3bb3dda7db0a34576105d05c251a981f3075cf0b9f58f40e656310c2a0c0a047a558bbad29acd41d45ba2562eb6e15eca405b34e41f258aad706146c7794e94a330e02a915212fad1984855b8caff006553cb361b2adb0696dc32d8ac56cd845dff003a7ce99a3ffcb78fec29ecb4c302c090d4a635644ab5054d176f80f51f80f4b4fb55b304026219d8789eafcd7ad4b1d238a545bbd5aea960fe3bc6ae827f8f519fc695d4d8546cbef0035e22dd6a9b356d189696fc97e74fc55db76d6b22db6016fb9aa69e646d2de21adc7fcabde8eda56ce96cefbb02c5066c9882b305460a443a6ae2d4a96241f8dfb37b82a0586c0b11f3d09c4f14f10cc13c2b608f7a2c5b55e588a4a8187ab73a689003a4e023c1ba359c3938c59747d39ad3cc051bf60957c2a4561550a52ed08787c3ae11749a8834f680baf6835f3f915bcffe66874fa533f855187c38c6d05e21d35c21461f91412741e1b7eada8f0ea695c20aed58442234020ec3a95e4083f077ead33917d8551abb5daab1ab4b7c4a951abf11b6f3895acadc54a97bd874eb7e70e610e8b4ef7859f16ea00155d5802eaa33a18eb5edf2108bdb69366e8ff34f80f82e9d9d3c8d4611350216b40aedc45d40f464cdec279ef06a5a2eb31175d06b333cdada6cd33cfe2e98c3a0487c3ec8da3bd635362cc11e8f0aadacd48615a6a750cd3c37dd5ba8c595f2c211045f50fc3986133181b7336013c62cdb4c5ef29accd3e8d2e5fe025254a637a0054d8d4615755a82a12b1755fc2430e81259a315c1dfcab585fe6d52b6c8ff00f45f8eef6abb41a9703f98f1b5c7156aebc79d437e3e6076105f608354e20d5c1ac106b04fe42b4fea6869d398747519e0fa6f296df68b393e16314b996b46e66201d71d3131f8dfb18a26219e2d6efd51942cd3e959cf938149daa8dc6f4ddb6b76f2ab0b7d9e50d3df658fefc2f9f8365c2596168eb52da97d78d4ecb5ac4d93ed3e260d3a6cfe25461d0a4b34580ba238fe35abff001ee305ae225f64d157e5e9f57672ed3c378d35ad0f7e989898fcd984c5131d2c3b52e6dd7a2973a5a510205c5838070a840a830bac0d583a9655277e74e2c27f8cf801c2dccea4db97d4ec78b619996c062f7337bcf31a79b1ee1816a637a9ff0097c1b4dfc8d66aacd896b64bcf0e7fe977f40fcc5a169ba288075f127d9a5a9773e934b515f2c4abdaae4c20e0d565d48f0eb42af87ea50ae81c44d2cd3d5b199b04b4cef9e57f66a684617785a987477e1d4d55af2b57ec7f711400fe4b09b6d9679b939994ff0097c174dfc4d16a2cdecd1a69ed2a4b40d374df11b333d0c1d7333333333098d6e079b98a18c55f4f8d1fea1ed9a7b8a3556d76029510f4800524cd2a9d8be67999b25961555bd30b62196302c62e67f21836a755b92bd4d515f3355c959577a79bc0fece8ff3ff0097c1f4dfc9d66a6c8f0c684e0ff24c4d40c79f37e6068b6882c85a666e9be6e9ba1786d9be659a793ba2d60741e833c6aeff00eb695b73a6b304dc148b91a2db05cd8aed646fe7c6d53b4af550eaabc556a5b615422c575ac7992b3628ddc7f352a9aa7dc04a399a6644d4d4d5bbe26211fd9ff2f8353fc7d0d8730c2b184710f71371105d883513cf106a0605f98b708f7c37e60b5a7b9a622a89b44020131ea33c609fe7a9c85ef599412ea6b8526dc4e66f79e6b4f3a79e916d4305905cf16e6cb5e4cb35166d6d19f32f3ec134ff001d60729e0c8a0792867924454b03ff006cdce3fe3a13ccb9fdb5b4c42232c711d663a6d989da692b5b10e9c4fe3831681174eb3cb006d13cb9b713131d71cf531a78c502d4ecc22cd33956eb88504f2d67970d64cf2f1364c1103593cd786e786f12eb0311f2a5bda409c094ea9914eb5e55adc11aaa980d483ff1f80d06dd65df2c4c4c4711963ac2b0a42b36c227879e8041074c4131f84c79aff858a18a8e22362547757ebc4c74c4f2d6792b0d52d251f9ddfc733c9b046aac314b573cd2623cdf37affc54d6f75ba2d2ae8748fde6262110acb126c85630e8e2690e1c45ea3f218f3c48fb1fb8e408b342dbaafc9a9b1abab497b5c9a8e6ca0e5fb0ab51558dd08061a90cf2561a8ffc0064e8fc12ebc68f4346805afe9c430ac658c238863ca4e2da5a29ea0ccfe331e7893f2d07682692c35b7c940fc67b60096f36e93b95dc3c9a07fcb526e9e15e1b5e955af8f6130f407d26308c2388e23466d8c0f0a7301e83a0ceefc2d2d6c2ea9b2dd0741347a8643fca433ebf134b3e7a21c7fcb89e0da3f2d19b27a93d07a4c68f1e5f604163973e1f6799a552444b330183f234d6be05a73d0751d11bdd46a769052d050fe16964d18f6fe03f97c27c3b7476c9ea44db36cc4c4c7430c7318f1abbc247258cf0ab316fda882083f1b9c0d6be4bc260e83a2cb3895da41aaf065764cab42b8f5bf67f8e947b7f037e35193e15e1bba39cfa07ac985c42f99a9d65754d43e11cf27a212962b6f54304583f119aab312e392e7a0e83a032ff0075696708eb16f7acd4eb6ad65d4654c298f4196fc5fe14600ff8aad3bd87c3bc25280edbbd23ae7a13374b1e6ab5494cd46b6cb257cd9adc2ab7432b197d2fc4453041f8ae7dabaabb716687bfab3948bc116724946a7576035dc5a25c412370e865ff0017ed4d63fe15049d0785dba87d3e96ad1a3b163eb3d58c669abd68499dce4cd30dda8d6b433e9a69bf620c1c41160fc198ed81adba33463ccc74faeb9c04301db0c067794b153400c8088843c7aca99a9f801eeafb7e03ea03328d33dcfe1be0cb54665ad58e7f09309e97dab52ea75765c4c5f93f7d00ceab567362a97eba5fdbfe5795c620301fc0cd817db2f7cc63f87e8fb4be0c2d95ce256a49a3293f9414db62c4d59aa55a84b0150d359536d03de9f1fcaa85a786784d969d3e9aad2adb6c273f859a6633626abc402cb6e6b0887ba7c9e785ff00e8d464d98f2d4b74d1fef0bc52382936e2080c1e8dd0d92db65ad2e7e7a0e83a8863f0a26662011596b1e7031ac9820abef1a746128b889b818d5213e571dbf268f4166a0e83c22aa23305165909cc1f80999ccd56b2ba26a75565e7e8cff2657dda787595d6c3e763b1399f741db7201b6b5c4c47131d17a98d184b885175f987a8f5b93d07333885b3327a6ecc4b36c6c62bbb691ac1816640d5e183e26f0632fe1aea2f3c3bc1b22aad2846b233c3f8498ed35bafd909261ec3a1ed2beed34d51badbadb54f4fb1345707a6be8dd1441d5a34bee15adf7b5c7a8f40e860edde274ef14e0988371ed1db7742310728acf51a2f595da6ab16d578ae44f97aaad35961d1782b3cd26829d30668cf09ea3d598c63b051acd79739e4f783a1e95fc9fba05ab4c5b7275ccf0eb76b50720c6e8bd33098c66b354b4add6b587d03d6ddbb4c7b430f2ccdbc29c09f200e0c43ce76c2de6429158ac46dd2bbb12b619e1a1e3d14692ba46408cf19f30fe22658e1575dab379ebde0ef0c313bb7756e5bd359dada17dd598c7aee85c4bf5b5d7351e22ce4b173f63f01820eed0fba08dc166ddd1c60e72bda63898f68304f919da53a8dcba7b36c36f34b165eaef0b427d23d2618ed351a3f3f4fa9d3bd0fe8fb10f45967407933ebefa785ea26ecf52d351ad4ae5badb1c77e87f2f788db58c51b8e7058c11860e73d3198a611c2e27317ded8e5c08b910b9134b7c470ebd0b4cfe23098ef894558e9aad3a6a135da1b34cde859c41047c63ea7d19883a56fb1f477f9a80cd46ad2a9a8d6bda49e84f0b1bb7e363d38c6ef6fde3da0e3a779d8e0108705bbe6768a7da783c93f22b9c03989c368ecf7fe5263b44a4908302318d8235fe1d1d4a93d046860e671b22c1076fb3d0cd05fe5bea75ecd0b127a1e8b0fcbf1fdf2dd08c4f97431663049dcb0ae103e0cab1ba17f67d672e8f98bdd90e2ab25360b6bea3d47a1319a535e4f430c7318cd61ab6bedc8821036fd08989f64e4c1de199988276e8b0f4fa11fbee99fc2d07604acc70b8c768790263841b8c6f71ccc72263109e7b4a789c2b8c072b172007c59a06dadea1d4f4732a4de7a13098cd1da6af56b5cb6d6b9ba2f7e323bac11c899e2667d3760b9f51e8608d0ae20edccccc8e99e8613179e8d8e8c307bc11d76c0dec98f6ab6d632a1932d6c89906b4e536ee4ab92ded2ad184d39c37e126318a3791e86697deb58d56bdacf4fdb710e2778267898c34fa54decd2ba2db258a6a707301e49e62fba0e87ba2ee31f05873310f0374dd3e81c0131ed071d146e0bc13dd7dccc082c723331076c627f9078ab1bbb43c4e54a6559db233cb09512a686dd57a8c6309c451bce31d732db420d5789cb2c6b0fab1c7d4ec7b13c9e71f58392762f85ea2aaedb3c574b5adb69b351369da31843b7a6df67f80d859b4f96b8d9da1070832639dc5064b2e19ceee8ebb4e7d936fb2a603a0cb18ddebf731182ce193efed860e3db9c8ce5723cbc6540c8afe33407d9e92613099f32381098cf359e22892ed45971fc007304fae0827da0648c617b6ff6a9daec0ce319f688ca54b621e408ea51ecdb09c88c3696db8dc7cb98f629c7546daed8c8f731966d3332c4c4c8d80cc70a04020f713089b7db93857c25470ca06e09fd8c3da0ed341e27869f77a4c33e440c4119a6ab56940d56b6cbff001fd1c750440db4cec7fc37ba2e36e78fbfb6e5b93100250ed627dc3df131b8c62599137b7db63739ddd18626e06b98f6a9189cb10705b1b892dd0e208462263667100ca881b02b6dae7e4eb838c28cc6258360c18dec39d1b14bfd2c63195ae0467c4d6f88858ec5dbf1a8ccfafa8b1b18624cfa220f63987197259946e8a71149598e36ff00586f603369da31b55b69102ee098dd39768c36b1399f4c3138d80e0ff9af06184ee2230dac5b2a460a0dcd89f168d36fb3eb77f5d7f1c7f581b9527708d87f4b988b9e975cb52eb75ed79fca3e1c06fbfafb5c40c54811fdcfc6cc9c280667a6df61c6cdc76fdba146b083377b5d4ab1c6dddec9b7083114e0f3131ba7c8c75c331c8ce01ed8c85e0e27df43c318c771e3605240242d6d83560b8183dc0c82a7117e2bcafa18c03734d5ea9285d55ef7bfe65fd1d7ebb8313970d3fc9393de11c6ecac65da5f02c63964058d454586659db32c5c59630332704113dbe583898f68036a9dad2bc33c6f71c9da7827e21b13e97b9e99f685ca81297d8cbdc8e586c3cf466e723720950f77530f33b0d6eb7ca16333bfe74fd3c67eb1c7d89c06133ec30603e78962ec7b0ef7552ecb8dc0e2098f68dbb2b62ad1177329c3598dfde111f6e771d878981e4a9db3114660e09efde30c16c601f6e3880fb1467a21dac719b1705d7009333b933ed3ca638ab89fefa184ced28a1586a3c368b86b3c11d65ba5b2b9823f353fa7eb3d44c7182c9c6cc9200c9e95a176a88dd9c4c130018ff3ce08c4206037f5cdbfd75901843968b8dce007662dd2c5da37ff005cdbec4c660f734799f6a988bb9b9531bb9185c7b493b01e29c198e003045ec4f427119b31ec150fe4ee6a751894eb225aad2da6bb46abc151e6abc2eea63215fc947eae8327a7df1998e3383c998f629da7b4c1c2edd81889838c0f2cfc49241e25836b330699f6b2946e3cb56da652a1d8476def1d76333065847b571e5af071983b91b6c98dac4925c8231ed1f153ed0781dd22f60db5ab3b4d7f1c02a4cb2d5596eb2331680c5262598955d8956ae25ead3861a9f0da2f9acf037596e96cacfe1d3fea30f4fb98991b20c2d82720300b667db984100e3049db0fc5db70331eeeccf8dfcb1c4b36ccfb62ae6ba9b63445f31e5c417cf0cbb4f06a5254e3811c74eea04cc4e0f683bc5e264473ee3b7ccd9878da8b1a124fa04060311f12bb655a9695ea0181819769ebb86afc11586abc3aea63295f5d1f13dbe89e40e87998f69e4aaee9f5de0199fe491b73c19605dcec5ca8cb30dad610cdc9645dee980c21259a30c358c196326110aec04ac505a578dedc1662fd2dc019f6e3fae7f955dd14913ee2fc8f7c60e733e9be2e3106e0573e91d0740607896e22dd2aba26a625aad182b0d4f85d36cd6782ba1b687427d1a71edfa5ee7af30ae0676bf267d670d31ed6188d827963500f6ab6d6ee51779af01c7062aee34bf96ca85a2f0e067a31cb6e3b318871e556c50e38a94399f36966d8bcc07110658655a3fccf77c6e6188c7740bedfaff39e33903131d07a73371820314c5632bb225a329718978303032fd2d570d5f8203353a1b2a25489bfd9a5e60e7a19ce6667df0186402080701b3ed807bd71b94952070a0108db7a6dcaae36f698f68f8d4e50a8c846dacaa4c42031192589e8cb81bbfa70663d959d8d8e1798876b01cb0d9647e63c68fd8983e299c12410781f11f0eb8f566660c01f7ba2b181e0b482978896c4b8c5b418e8960d57845568d6784db4cd3d651bb59d8f4c4e04e4c038ff001de627d133bc0090bb762b909367f5e7fafeb076fb7cbcf18e063cbcc55dcaac50a2ee95b6c751bba2f7cc76df047c74f83cb461883090547c1ce613c4ee82567033176eeac64e263a099e87a71339eb999820303881a799895d8404b8c1708971112f808697e834f71b9765cc39fa87a0eff476ed2727131ed38df9e9b7da71b49f6c6188cc36e6152212367d15f60c6c8002b9c455c85244519827f907047217da61c92d31edff002a32bfe3394fafa1d90e254321bb32e080720f0bdbd00f423a2fa7cc103880cccdd37c0d16d20577662db89fcbdb3c47ff00637a089f70881b6d9310f04118cfb63295366ddcc7271cda9b1db192658bb589c8308c2e7db8e011b31ed0d85c7b7eb8c30992267331c13c28f686e29c6e5ee6263117a52bb9d47b48e0f114e194fbb384fbfbc4308f4f6e999de6c8a36ccc19c1781a2b406068ae71ba7890c5ddc7a38133c639e037d77804fae36b1dd064b0f9b6039f7356bbdfe2ee773f72c36b336e62305b139c1036e4ed38dbd8139867d3af3da2f2a78998a799fe96099e6277410763f12723233d9f1998cc3591d07304fb9f7e81d710fa0181a0680cf12e463d9d0cc43dbeb97613eb712442080789c0766cb2a963585cd4e6b795aee756c11c91f284966618666dd186d25b20afbb9831bbfc9e216cf40710b67a09f7c6e079ea8b995f753819f60e519703e8643604c4201841dbf5f5e9edd7b7a441d33374d57ea5989f5d7857f936de3eb3861f19b7dc31907101c403818c03898e2b0b14ed64af795e1954b37de373c1efb17e40f38f61e213c1ea074c733efb43f21ccafba120a70c20198bf13d8e76f99930998856100c2861e7a771dfa763da6710898c7a07a14665ff00a41f71071c4e3a8003f698e3a7d6727058a8dd38da0fb6638e3cb0c42edf68c6d8988a48952867062e3788a76985a672dc671c63ae2010f77ee733ec711064d7c303ee1cb0192b3fc9f84c4db31089b66215063299887998cf413b4ed3b42263d226e8dcafd91ce20e9de051904818ebf59f74faff003c6cff0027382300edf2f3c6cfebff003b7fac7c7e88c433b4ce22b622602f1b31cc3d31cea747b74c7b7d13d00e5627101c37df21c12aca7694e07f9541b3d0662111862110acf9039839e9f19f199c7a409dfa08e3defd31c43cc55ccfafadb83f43101c113ebfcccf04987887884e43661dbb0a1019bdad8854efce4e78272a7131cfd7df5d1a6fd41191aed39aacc4618267d8ee0e18f76f930dac73b99b2c36f9d8e5465499999f49131c626018e849c6e1cf4c8598dbd3398399c1f4da3de73b3a180e0805871b49caed2a7138cf13fced3b78c184e636727bf193cc662d1b0a4b132c20cb1763292ad590a67d0197033310f533c3ff00f4cb903a580abfde391c18634b0621c98c77460b871b58f05588e9b66211d0f7f46ce31cb0043033bcf8cc6de98dd01cc13389c422732f13fc74c4ce1b13fc9390ab93389f5bbdbc95c70799ddbbb7d81ee1dc771c9fbfa9de7723807131938c2f39fa3d7c3467571a788d786e9da186374241ac7c27d98b3ee0848f56ddb060cdb36c28619f15c2a89f3806e27b7c60f6804c46ccbb0557e331d38043606df6ce58e3a7d71b5b3823109cb0cef5c16070c3a8c81fe7ebbbae770ce3eb89b78c4e7d3e135f43354374b6875133d0b67a678faf469b48f674fafaf401cf68dc0ef073d04da0c230700935fb97de58c7feb18d8abd946e3f26703ca8dc7518c83ed30fb58f7857076e10e31c92c369cee655f78114cdbec1f18dc2b4e372fb88f8e78ef000cd8f6813399f661e9a01b74b0cbfe55a2b55acf0f558c36b63d74d5e64d1f87d6abb428fffc4002a11000202010401040301000203000000000001021103101221312004133041224051321461234250ffda0008010301013f01f3975e0ba326a87a7d6942f9e2591ba26fc2cde8f711ee9befc1744f588f55c6bf67d94fe38c773a1e3711086b93dd37b373f857464f18e36c58d1ed23da1c699d17c921aad211b7465825c44da6d46d47059629531b6f93a1743f9174641bb121c458ce84ec72e453251523d93d929ff06de8a5f43650937d14346d7a24292aad5c8d8cf6d8e15f0c7a321c11ab1c3912a1898fb2c52370a48e0708b2786ba124993a37f26e37725b149a5aa43564bad3dc37b373f863d19345c0863d6bc2cdc2912c6a43838b36a2a91b6c6ab48d5d8f922e99564baf857847a269b2842951196fe858d1eda2501c74fbd53d13a1adc8c90a3e8afb1f23b6534344573a4871a14383dbf8a3d692d3fd7061c7b51451244a3a514515a362912e50bfecb631bd191d18ae46e66e7e4bc23d692d3d3c6dd89e96764a2342628d92850cb1b10f8195f6551f7a702d189bf817843ad12b7455ba462c548aad6cddfd258efa25171314ac6c9c38b1e889c77135ad1f5a2d25f0af087f9d29b748c70501695e1746fb3751b88b32c792b48b322d1550da14252567deb2f856a88a754598ed3b46e4fb2125a39a43c91fe9b911638d8f8d6064e7c25ca24c5f9745119d4685deace7e38f647a251212a1c7feca77c11ddd1eca5d93492e0fca32b218a328d928ce1d1ef7f48c93eb48ae090c4cfa1ae06884aa44f26e7691b57146ca65571a329fc9f436cc7cf04f1b3d2c56db3370d31bb367056d9723cebe8ff94fa687f93e0a71219bfa63a6b826f9d62cbe07238447964b27f11bef56c5e34515e29da23b97661697635eeba5d1b695233c7f123cad278771ff00159ed6de59831fe3b98e09993d335d17280a56263112e8a2492447f15a2d7ecbf931744858ed5118a82a45d9b6cd928746e6bb47ba7ba894dcf81b2c5364929a258b68b44c97450d588ae04b446d62c5c6ef931742ff004628f37a38a13fa63e0dc368931b2f4a226446d62451263674b58e90121af930f447fd1ef28a30e4ddd9638aa1b1b370df8ae10922551ecc38a193933a49f038c9adc3eac8c3774737a2d22725fc987a3ecc78653230da8659649f850b4ba149d99ea58cc6f662272dcec5b9fe364a0d3ab373fa392b58fcd87a304774c82fa12e0963b25068e863f04225c8a921e44e1b4c993ff522f9e0e9e8c8abe09c76b3225f5a45a3744b89b595f16130766274f916446f44b2449ad1f82d25162324fe87c8d508e7452ae8946295d8deb659ee33dc37459503647fa7b47b4c709145115b998bd34a4f817fe296d20eca1e8e43f142ff00b2591512cd7d090fb381d1fe50dd942d5fc166f67bac594592263dbda30c69128eec8c84768e439165f8515a5995fe224390bbd382757a2562c743421e97f1fa5c5644946a5621a1a2b4a2848da743969ea27463c97c32bec926b91c996d9f65093b1bfe6ad89fc7861ba46286d42271b29a375169e95e2de88cff00ec641ee392acb3f1a291c6b18d92f81787a38884cab251369b515a59b8bd1e913d563fb2461973e1451b4a3ef5b36af810a0dba3063da8b14884c7ce8f56bca07a8fe193b232dac8bdcafca8fbf0af83160dc43128890e3ac64332e651212b57ab2bc3199a5cd937ce96d7443d47d484d3ebc7efe25c9870eeec492eb44cdc5891b947b32fad4f88177c9e9e5c6dd2fc9bda8cd31ead0ae047d42fb1494bad577f0a5662c17c8925c697e197d4ede1129ca5cb21a7a6e8b1f850919b28d8fc64884dc1f0432a968bce88c0c786f96255e144a6a1d9973b975a3e88f5a7a6ebcba32e4a449dbf1ad2428944734a2432a97928590c7fc31e1aefcb2e74b844a5bbbd5f4474f4b2fa1f8e5c9b494f70fc168f5a36128ff086570ec8c94bad63048862b231af1e8cd9fea3e2c5a639ed958f9d5d2ecc9ea2b844a57dfc95a38916e2c8cb72bd218ebce4ef832e171e57c38276a992697664f55f48791cbbfd2c72dafe072d1232fa78f637e709ec64f23977fa6d8cc52b5e343d679638fb32e7964d23e37f35f95eb85f3e72928f664f557c446efbd63e2b81caff005a0ff2f1664f50a3d129b977e31f07fb1f7e0da8f666f50e5d79af07fb37a4a6a065939b1a6bcd7ed3d5ba27992e873bec6aca28717e2bf6687ab937e0b4a290e1fc1ad17ed3f86c6569b4dbff00c6bd5fee35f1d8ff0045695f1b5f13fd15f332be097e8ad5c7e5a2bca5fa7f7a355f350d784bafd15a47450dc4a0e3e30c27ffc4002c110002020103030401050003010000000000010211031012210420311330324122144042516105238171ffda0008010201013f01efe9be7d997e6cc7abff0048f2f4fb1f23921b2c57a24347d0bb2f5b267d93ff000c6bb29bf02c52174f2174c62c4a2efb32fc998f59be0c69e8c7242ab1bb1be05c22d313a1c9926e8f07f9dd29ec3d5522ed92212950b07f62c313644aec8f9eccdf2663d776ee0e224b28e6c6d9b9909703e4ae08898c9e45e0c727e59bff00c1c98e5316e66d66c1e14c490bc92215ec47cf666f9b3189512970291bec51b1c68d9c0f19b5c4f519ebb239054706dfb621490da43a1706f4f46c9c5b762d16362c88f5622cb6ebb579eccbf3663b29934d6888a2512251288e03c66c3942ccef9373688dd0b17d8d7d1b690d50e29bd2d7824f822e98be48dc7a48f4d0a0976aeccdf3641fd0acc9a222f55a3d28a251232713d44d706e74376cddc1c8ac95d09138fe2ec4e882b62f617666f9b3132c9550e36497a7e4f51d8b2b23314b4fa168d6928d9e0864b1b765e89a46e5445d33235b748ddf045b67a82caafb97667f9bd23a528f265cbb9962646445e96597a328713c3291b51c0a3f62a1197c690f23a8ae0da8da9772eccff37a4489d4cf8a2b54cc72b17233750a57a568f44fe86feb45c228e4c8ca228715ec2ecea7e6c44a4d2b2f6c6d99326e7dab8219509a68c8a8b31e4e74bd13a641d8fc8ecb38b375b323d3197ec2ecea7e7a5d79323731a6b446d28a284da1c9b28fb31cad6b3463d1a628b25e6851a563763207fefb0b593a56656a52b3d2254f8145af064894460d9b194388fb2b921c2d5f247c89723e11ff0084a16c77b49791918f0874bd847d69993713f9919f038d9b8ff58f6ae479a4fc0e7237c91eb488ca32f27a4be89c1c7ce8bc91421a3ecfb22c9d34461b5531ca853b1bb7a459b97b085e346417e66c4a36647f646999e76e8c7ca12e4bb363638b45115f671327d3ff0046d717c90f1ab2b912a2ac6858cf4d2d3ec8a28da6d66d66d66d65328a16b25e9e4e49ce328d2332627e92b62e5d98592e1e8a74c59d51bad99b253a4472510cf7e46948da310c5e457e44db25cb1dae06da10bc9b781a6bd8aeceb38998fc5b1e4a765b93b624275c9be33e59b57d31e267a2c4963e4be75864716427b86b4a179377045d7249a37724d8b453544b22baf73acf91fc09bbe047e5d96cbee83a3768de915657e4312320863627ee759f225f03d29499923b5919d0ddb18bbd129d1be4c79a51e198dbda71e08a1ba19c9210ca36af73adf27f125914493b762d50bb9782ac8f0cf94a88c68f0297071f63698992d1fbdd67d19a5b608a28da3f610d97c9b7f231e2ae74f228d086465b958bfa18e2d9b266d90a7165fb5d67d1d47846ea2cdc5aa2f9f611461c5f6c484ec6ce08f28685b9f82b9191298933f4d1fa3f4ed7891b32af0cbcc8f5e6bca3f54bed1faa8316683fb372d272daaccfd627e497fdb1b249a2c4595dec51dc470c6237473b4939f844777d8939c88a686da2ff0013ec6468b45aeeda87860fca3f4b8d8fa45f43e9e6bc33a8f520aa44ddb14b6e344a56ca28a2bb9e98237224ca26bf12c5b990ba2c6c7985cb1f92343a36af6fafcf6e908978285edf490e2ccf8e96e46f5e08c94b867a7167e311b5429724a498a3c722d14468af6ba9c9e9c09cb73b13206c4cf4cda531228a2cb2f5e9b8c6479e0cb0d92d2d8e367366e921b91b8439510768657b5ff273fe3a50a544646f24f8378a5dece932714c81d5c784f5b2cb3723721783ce96cf565ec332f531823a8cbea3b144a2484c4c7cad57733a5311931ef8d13838ba7ddf42f8f65fb1d5f59b5ed893cae5a2d28944818f13919214ebd86618f0635c68e1197932f44fcc4945c7cf6ff1ed8f7757d66d5b62377c88a2b55072f063e8dae64783aa8fe5b862ee82b66180b5521c633f264e89ff00125071f3acbc76c597aca6a3e4ea7adfa436df928aecc5d3df2c8c52f064d3a97c8fbaacc1888a16b4591664c6b22e4cbd3cb1889f6ad2ccbd4a899fa972e11c897628b97831e051f3a47c92f234757c32fbb062b64235db679226ed27d346665e9e512abcf6cf2a879337564f2ee115aa462e9ef96462978d63e4969d6438ddd8de98713998e0a22ec91478d770a4277c197a78cd704e0e0e9eb93aa6cc99ec72bd12d52b30e0fb976c5d32ef4c90dd16892a75aa4e5e0c3d236ff22314952176becb168852270591726486c75a4a77ad68b48f1c98b32970fbaf5eaf1d4b72141cbc18ba3fb911c718f816abb5e9679d13d519f1ef88f4aed4b4661ea25e0589b251dafba70dfc18f1c61e35ad176597ad68df62d3a886c976aecc782797c187a58e2ffe8cccb9eda15767d15a2d1bec4b46f542108eae3c5e95db084a7f1462e852e66462a3c2d73f6b5c511c7b7b2fdab3c9e3b169995c3b5183a473e64638287c7b73f8ec88fb6bd97a2ef6ad0969428b93a474fd228732efcdf1ec5a2d6fdf5a2ed8c5ccc1b71f0d109c5f8efcbf1f6aff0060b4424470b7e451af0589ff0042cf2447346427ad997e3fb962d5452eca2da2d119ca3e08675fc88c94bc6993e3debb57b0fba3a2efad1484ebc11ea251f24b2c651f7578d2bbd697a2d16b7dcca2c55fb265f6b10b552ecbf622f8fd8bd3768893d10bb2c4fb6fb63fb17d965e8bb132f452377b10fd8c9e974639f62f62cb14afba1fb1631f83c1176b55a2f62c4c52ec8f9fd8bd3270866fd843229f6cf3a47fffc40039100002010301070303030402010305000000011102102131031220224151613032407181914252a11323336204b1503492e1537282c1d1ffda0008010100063f02f91bcea52fa13db83dc8c2a998a63eac49d5499aaaff00a175fa914a5922d0630ace6cafa41356a6b275fc1eca8d0d51cd785ea6170e6b42fe9b9b69d2d50df7f80bd17bab27b69466bfc232ea67b55f253797a9a5f26a3c9cb4d4fec24b67f967e847f93f08875d4fee7b4ca5e9c70e6a44a976d2d866a64ca4c5c94fe096a2ca911537a10bd5cb48ced2931351bc947c159e3e693daaeb0610ce6ebe8e6a47bcc4bfb5b4a0e689265db4f4a7a2b362f4b35247bff06154ce4d9afb9d17d0ced2a32fd6d51d598a19a2462a5f821d4f22dee631e92b63416866a44cfe0e555b3d911dd9eda541ee4bec7f92a833bcfee7b118487060e6a895e9733395997834247052abb6f7f56a5e05bd5d7f939aba7f27be4e5a1b396848f7419aea33f0b74d0d17a9876e65078b7446768fec8cd753f0693f5146cd31f43e86ea2159dd5347bad17d4d511bd6d0cd2cc52688d5237aaab236e307baadef073aabf2354e8494d94d4c8f8ebd4c1ccfee455866a28398c68474ed7fa18c5fb1ac9956d46dd4606b42753143fc0b959ffc9eea4dd757e0f7d47eaa913bb93a71cd2b0c992a39ce5b285f2bb9ecfe4fd266afe38919d0c376c9064c333519c337673c38a64f69cf528f039da7e0f7d639defc95387e0e750c9a54a244418d4f37cb9e3d4d64dc79b7224fea34fa5a94eba377c33fcd4fce57c10dfd88ce3a1e496ef9b46b6ca39661743aa3dccd78a056ce872e079566eb6a48751d4c52cf618a17e4cd547e49751bc8d19a10a8463727e86fef29fa5b2eac762a2944eea9f952cd4d4c5d2fb1079b34d7dfd157cb30e4c997c13bb268a3cb3dd4c99da2fb22157539f02dca6ac0db551bf46ca98f2c97b8bec7f923ec676ad99aebfc9a7f27b10ba53c13676714a82b7e457a5ece128d0cd6514cd5e58e767cab45254d534b31dbe0afada05ca7b510966f3cd1dd0a9af9977255990fa8fd0c5fc5b39472368d4c491265096ea3448de68707321ff4fdbdaf2eea9ee28d2f852cc8bb0c43a6397b957d4c9cb4d4e0f6546f6fa6e3435e66534f3b4b5637b9cbd87ba92926bf82af9c333a0ea9316ec371cd64fb0cc7ab8e194e04b68222932ad833ab37a9643c5a0c0aaab523791ef4453513153fb1cb45624f65599a1d2846ff008b35067e5237b7263b99488e55f635c99b40e72608ede9ab76f473a92a67c1eca9934ecbf9334a461d266bdd7e11156d199da5504d5554feb508fd26121374e3e86133da2e512b35bd8b3abe5a12bcf4e0c2d49ab079e0c7c2d4ee33103c23a1ee67b9c0a852d752694682c1cba08d6d36661ea2376bc129a32fe4a12935442ab510bcde7d74d7a58679277af08495bfb6b3d4d2083547b919aa0c3757d878abf04a2a15b7f6aa48dd4612f931dc7289c0ea8b47f26eed21afdd68e9c6b85d9c0f871c78cb2211eea7f06f3da7f073ed0ced6a3dd54fd46e6afc9bad3154a83d87b4c503632a299b2c8ab75b7e08e83e5928a29d927f5277292be55f169b2a749b2e0d7d56acfbfa59269b2c9e0ff544f44698247512d1cb2e9304aa9991950ca2d4c914997863a7764de85f427421bc7c4423106f60d4d6fafa31c13f9bcdf1c70ca95b02a561df42293a1a98aa0757f5326f3689df43e643b2b53fdd95d8e5dac91bedfc844d97af9bfd4f16c1a1262d9e26ba9341d119da6be04b67b4c9cfb4727bea25ef4fd4cb7f933ff63c23777519a610d2a50f16d9d31add6f26350d9fecfe3b10ad13c0fe0ee55a1e07e84a1313506097a2351c90885a9e59dcca10e46d2bd1e0a8465c93d49f8ec42b2284bf57af831833adb0e053d78260c2e3dd66b6c5b248b769956f025291aa3dc885529bb3930caa6a42e648e5da6be3e3b114d90aaa97b74f858783526a6ef9b4df5324936f76e99db331b664d5b567f92a662aabf24731ad5f93977a4874645c87f8cc6ce188a863687ca628c9cd4af8ec4528d450d914fb873ef3533c7832e0c55f0a2d822baa59261a3546a8f72661a354649c3665f30954725abb33383a999f8ee1313ab957fb605bdff2364bf93ff51418dbecff0024aaa9abe8c9d2a33c6ed8d0e5398d49e9e979324ae1cb119d0fd47b98b9c495b90cf53949c490254bb3b3dda154bc92b654d47f82944ff4a8f8cebdd55745247f57757faa13dbd7567a114d324534d3f8379eecff00f69851f43936957dc8dbd03fe96635f040adcd5d2bee7b9bfb1fabf07eafc1eea97d8855c18dad27722a319f422f02e193dcd1ab155bce099acc6f1a19551ed6751f298d0e550542b446a72d273234c7c74de94292aafbb81eff00d8438b6a8cfe4db513a28c5bdd547d4e56e9a1612464e9f832d8b2cf12ca73f5c0d6f2269cfd19ccdfff0091cd47e0cd5b8ffd8c34fe9c4d5fef64322f933a7623072d48d647bf57d8f712c9be0a994d964e5351ef67e35547dcdb6d23ee6c69583c3e8c70c7f53fa95b8ec8c5bfe457568369a443d4deabf4e9f5be46514f7929a5e6aab51c5a1a4fea3af61afed245550dd3f4377fe469fb89a5cd3c15b1af4a778cd485cc889c13bc8955292778846e263e643194d94d2f7485418a1c1fe37f1ff814f631d89ea56abcc68c4a933d4a9f64354fb69cd551baa937e9e8268ceb772ccb9154aa926f92b8d1b1db91e3b1cdc95136afbcd9fa19524ee3831b367b4f6383fc4cc526696c986bc1eda86ea43810acb0cd2a3f518a6b8f8c8da2fdb5d9d654aac31adfde6cc74b51b2a33b4da3c229d8acd5ad4fbbb56bc157748a6ae0e5a49aa912ad34c9a2a93349cc86fc93308ef750e69ecc89dcabb31fa5ca6927f52b597d0ca3106993d87b326511fd363b523b687323d86ec47c7da6cfff00acb7a9fa99d46ba31a5d4857abfe5ed97355ec5d90dd99b5d9f7299fa70774274f4167427a89563829a5753c5b2775786e55b3e86496cd4ffe494c9da55fc8e2afe6dee3535b5255675431b67525e9f1e13377fe5ecb7e8fdc88a36dbafb543ab7d5460f69bfb52169c1bddf25557499a7851a230ad92adab5ae15f16ce19dd5f3e841cb16f628b65130669d45cb910b19b7d86eceab781514e9f263fa69b144a7e19c9ff236a8dedbedb695514f47d4c69c2aa5a9bbb64e0e4ad7060cde9d8ec72b429a29d171729ed669e8e2ccdca44dfb50a85ab28a0a29e825642455783769fbb372826af934f8cdd52b8e2a49a392687e0fededa7ea69bc6762cff03fc1fe07f839760fff00691552d53e703aab7bdb57d7b7a3cde8e82dd99323ab264dea9db2c8993546a22a775bc618daa896f1f25ffe169ba4782baba1be6f318b06159df535f9755d3fcda4ff001b2261f9f8af8e054d252df4b5244e96dda7ab29a456a6d5317ce657c0e74219a1bdb33776bf0fc0e0cea64846a4409924e0e8743795287cb9212172e4ca675b6a60a8a6fa9a9afc8432bb66d1c1a1a7c3de7654d5d6f8294dc9a10ba0d8f263a9a1e4757525a262cc632818fe5a195db1f2208e842b48a6cd8ff044c231536619ee83a1aa3ebe454d24c48dba60aab82a6315dfcb56ad5f16d7e260c1e7852447ea6699b7b649a47dc9a99a914293fb945b4c1ed7f51e1da91fcd432a31f226f8e0dfa8dea8de5817f711ccf7895413ba46e333433b3399d466a12550a94e0dd5ad9157cd56633c18cdb2ada9157c1cf0cb1be889fd3d050a454ff4d9cd43356851b4c18da2391a1f321ba92a8f623db933a0885add908dd6c95106eb591f2e4cd0fe3abb278b919157aeca570cb66e53ed56cd062822ba59d4e57ba72d68f7a3bfdccef2fb9cb5d5f73547e92213255308455f4b3dc844b6a48dd46f6e393a9eefe0ff001b334bff00c0651cbeab15b5be47b2d8bfabb4d4a58b7e916ea8399109410649a6a3068ccef1cb5fd8898270c88c88aad54b814b396bdd3976ece5ace6356660e6a2833b3fc1fa91cbb5fc9cbb4a5984999d9b334bf52164c72d0bf5339b99f9228d3e460c6a4b9276bd0c552453cb45e4c4fd05bf83159ad26f2839a9c199a6dee46a8e92490aa934b3b6fd3541cad41948cd2ccef2237f875bf53dccd697f533b3a199d9c7d0c3a91cbb531552cf699a1995c1bb4e9d58a9a744449567afc768c5f73bf0bdf64d1b4a8a69553fab315232d6e9a130c55ed164ea7baa277d9ef93fb7560fee5d5a155f635466947f8ccd2ccd3fc7a9a9a9a1a1d4f71fa599d9a3dacc54d0da73266cfebf2dae8ad24c1947b4d1da5c1e4e56e48a9e0f7e0e54999d99156cd89ee6e1d85116652414e336d59ef662a354d7c3c33512d4a6758f9ad95bf36472abc9383770d914ea62a31a8b9f2743347e0ca684e4fd2d1a5994da9583341ed76d4d57c5a7f6d39642bbcfcaacc934bcf63dc44ab7937297ba6e51b4cf73dc8dea9c9248b8399c1fdada346ed1b4d08af2ee90a24e5da547bd0a552ccec64cecaa5f177aaf7d797f3953dec9a62a9fdcc564aa912aac13bec794cf6a67350cea62a2987767352fec67797d8e41c88653c0be329f6519642f4b5f4b16cfa14d3e2ea34328f710ab21544a6cf65b9a92775493528395b392b67b4f6239f6238a69fa0ea8d4a467f71c21ba2a4d7c9de7eeaf3eaea65db0696cfa954f0433a1ed3468c54cf72665233433327b8c546b6d208a2acf93fa8ebc902b7240ff00ab8672b7f66636950ffb93f53f4b3347e3e1d14f762a7d49662d934f5f797bd1175db874b61b359344686b523fc9f935a59ed4669624ad17850669327ba19ad3f0f7a3968f55af89e7813f53456c362d1dbdc620cd2cd2a353a33dbf0e9d9ecd4d4f416cd66b79a9faafe44755eabaa95939964a6d2c8a2acdf447b4c4a315fc0846f6d3fb74f91bd9e6b7fa9fac88f91bd4fab8bc313d9ecf76aeff00170a58b6bb7ced9f4fda63d74c4d0b87c7a6f8e3a19a49a74f52a17c75b7db2cfe95f07253e3063e047a19342560c67d2a85f1bfabb751476ee78f5e3564bb55b3fddf253d1db064cebe8d4c5f156db6ea28e9e48585eae086e5f64635337a5ad53154bafc8fa10d7dccfe519ca31564ee64c678beff00112a564fea7fc8cbec634f579de7a52884f757829fa91c3bbf21ab4a324d0cd7ec6b8b635e06524fc18469ca72e6aefeae074ecb35f7ec4d4e5db67f5e24fe4f8be4f3693522ad7828f83bb4ac9bfb7d7b1bb428f566b642e5a3b595a818f77a5d597c7c9813a7aea475ef6e5d0ca22aa609a2a9fa09d6a69ee61db9548bd7c135f2d2722cf7f565b8446c73e49adb6f8324f6460c37bcf53364bd7c7a7e6f913e861c1dc9d99d9f544ecf4ec4566096a19833ea60556d39aa31eac3cd7d8e67cbdb8ebfea38943afbe839bd0fc8bd49642f4e2c8f268474b791aa90aae862a22b42aa866eed34ee4ad0c98f4702af6ff822851eb3a363eeeb51de7d054f4ea3a1fb7a63869f4e59e3d5ce96f37d4f22c67a91d2d0c718f045672b9a7b1e6d34f172d24ed70629cfad2d9bbb3f6ffd924fa1aff76bfe08ab3c3bbe942f71ccfd64c74d5f6b48d358b3ef6c10ec93d6d9ca167ee7f70c3c1e7870bd796f06ed2f93fefd386f1c522e3cd47f6f0897afacbba5758cdbc3377af4b4da6fe6dcacdcda6a47e97fc1ac115fbbe1b4dc543a6b57c71eb3e86ecf0e1cb3583263d67dc4c94b17c2e1c593e843d2d9c3b26b422d1d5684fc1deabddff56ddda23bd1df8b375175c3279b6b2fb18c2f869a1ae969e17dc91c697cf07d0684c87d7e06f3d7822aca1d5b0ffda4549ae3cebd0d24c0d3e2ce846cf1e497c51eafd2ebbdb043b52a32adbcbef78ab41a12ec62d920de46f2e82a97adbd57db8ffb906162eb39be72addbd74d7a8c95a9239b6f5e3ada5283c5a0cdf24f41ad512ade19bbd1fab2fdbc70b351353e0e6fe381428c7e48baf5579be78d2b608e840aca3463a63cab36b544f431a10fa8d0bf164baa1f7d471aab7d486489fa99d38a6a706eecf14f1e2ed60c10c7033c107250caa9af1553adf1a5b1c0fe9248dd3844596ebe06adbc78b3eeace160a54c0e97a94feeebc2c822ad1da2c98bb89dd7a5e3872c8d965f726b73c73683b89acda6cbc9babeec74edf65fd45568faa268cbed057b5ab2ea736dee9303ee3f2a2dbcb4981fee2a5decaae9a1527af46609e8c7698323a594e32966f11a5b786abd1ab3979ba44329fdcafe193d04247947fd0ef1eb3a767cd51cefd152e11df812ec459b5f41ad51343fa337ba0bbf523cd9a7aa1476c8959d2f5453bbdb253e2d053bbac64ddfd3a9937bcc0fcd9bec2abb18d0488296bb66dfc91d6ed3b3ef6506f10554b529e8737b5e087a1baf81f8f46118bf33cf63b53dbd451786622cbad9453108aa75e845b04a58ec3ea65c14d5d98df71fd2453a5b79fdc4a6ce3429f0a2e94653d6c9956f76b36c4c71a14d2fa6839111d2cfb9289ed671a3327831ed627dc9b4f5ea26b4765e9eeecb2fb935397ea7daea6ebc1252a7072bd3a9e0503a9eaf23cc421e265187e0f02aa7ac415531ae67b5955d1954ebd0fb45aa7db22ded2cfbb1761a163365d99e4c59cf6249b47412ec4116f2ad28de3e83a7b8e9766d6a89b27c72ecdd6e1114f2d1eb23ba316c1cd3063b40915343fddd054f41cb83165577177ea2a7a2d2ce97d0a21472c32271a90f5298fb9b9e666caae930553f6135a8fc11569670acd14f7440bcdb3c0a6f22638e835dcce8f024f466ebe841e4769f433eeec4d4fedebafadf3751f7299d10e3ae09e9a0b77a7fd93654f6b431ee7b7a0df71eef45252eb534f531a1ddc59d29cc0b10d223a1917ee91f927a154ebd04d0d893d1db025dac87e49e081d9be9a1e2e866f2d49e831ae38d9e6aff00a26a72fe07dcce969e877b73294381aef6ee86ace94d38ea898812596f422ad2d827a68553eee82a96a78204d953a74917e2cb77b1bbd264c8aa5acc31f95166263b3452fc646ba3bb57438d0c6827d1884baab27d44fd09da67c1ed8637b3e622a4fd7aecb7711c2da58a164d79a74295db08878bc53a89d59f04ac646fb6a3cc0d11d053d4a61f4c956cfa3736dfe93ba7369166faea29d0a92ca299e8a2d4c75526e4759b6f7933c18377ee312be04d1278206acdf6b470cb76d4e6b73d2993b2c1edc195ea576fff00a45b0646909f71358686feec99d593dadbdd260af7b5fd238712a193d099e69d05dd093e9689298e8a191d0cf693fda4c7d2dbaf18648da51e2ce9285d5608297dcad3d7a181bed6f1797d4a5f5ea49f41a1aef6f3666741df3511b35f732f835be743db0fc0decf98869fa5b4bfd853a3bac7377b73a94ba0c52b51ad52ec35deca7ae8531af5377f4ccda969ea8a31a28b4333d07bba0bf16a777f6e474f7b5557ed2626d1369a7423a19d45de471d7174fbab2f03e2f23133fd474db532fd1ee66dcf4a64ec9fd99946571d7f4be144f0273f617d2305594a14e488cf717519e4a546575159eebc09bed025a4b1aec36b07d4ddee2ded0c12f57668a14669516a6ae951b45575583037db253bda0d7429fc5a874f54342766ad8bf8e0fb09fd8f0cf3ea60c98326a661a30b7593469e0ca7c35ddf6e04fb9344e341b1134e2faf41b4a11dd94d3538a5f5154ba31b2176916f2c5a47e1493138881c66053a18b4a1533caba5a7ac8e3aa827a0d789b385e6ce3bd9891e6d2ad8b226cd9e0a7c0ef9f4b5bea66dcd4a2767932999377055f41ab60fad9c68c81ce7a0d7713ee3ea88b25a1cda129e51e0aa5c607e5459d4b4a4ae758c59be88a9f6269ed03f06f21c741366053d316a5f746e4759b37d993f626d221f83228ed7a44493d043f247c4c33368a9267260c5273106781d991199d481ce0f22f0791bec553eee8554f4aadbf3d620dd8eb3364fa32afdf381aefa92373cd23f254ff68f77e838e8a4931c1428d14596ef6377bb3cab634d497d4a57556453c1527d45e07d9904dbbb3bfc6974c3f056bf6d43e064ac1228f7753b606273a92b41c753c122efd454f4565e549428d0f029eb9295d6caaee34fdd36ab39460abc293039ed6684c6ccda5eaca63b1bdf6122bef68eb68b392a133ea6383b23b231ebe35be4c3b6d5aeae4935bb3165e4ded9f4d26cbc9039fb11f7b6758939748262d551d8c60c902f0414bee4799378a9464defb0d77247e786443640f7bb0a6d54f6b3b243f027693c5bcdff00fd1cdf833f8f83adb4d4a785f5ec4743b19cab21f827ac8bbf51785025d7422aef931a2781bee534f767d18dad1bb3a7b13e208628ed91229efd48e9a8bb9f51781c1f523d07c193033c595999394ec72fe4c7e4c659dd9dd9e78f3e8d0ecb3c1e45183bb63fe38137d6d34e89c8df77238ed273690535c4c59298133c991c12f56342c462cbc10853d3e13377acda97c3cc42d0ce118c23185dc85f9394c659e783cfa6d771f8e151cc9771bfbe06fb59b488e96dd7a99d2d81be88723f2a0d342adeed8135a8fe922642d6dcbd4c9e1b31d06fbfc09a4918c64f417616231c393b9cdf83b5276a4e5d3b9cbf93197dceeccfa6fc5d98578ab2bc5a7a59e2dfc1e47d07dc6a35eb6de3fda4aa9e8f527a4c15cfbba182a9ec4d386886f104ad45bda5a5768b2258fd197c0ad16c0d090b8f27726bd3b19c5263149cbf9229d4c66a3bd464cf167431a0ecc578399ee8fc93d05379bf93fda48114bef9298f7f5227132535f7c106ff009819e4fa90eefca82b9eab07fb4f151553ee4b22170e2de0831ad9f94475927acfa186649793385d8ed4914e9dc8a3f263351dd93512f833c0c9e97d043ca50a726993c19b2fe4d064f410bb8bc0a7a1f5114e34325296bd4a5f47a097629dded9216496414aec28e3a1791a31ede25e38324a3c5a7b7a58324d59a4e94d2450a1772118cd44bd49aff04d5a18e3d717c09ac4762a6ba6a75de23b10f51d9ff047727f48b3911a7839b5b38d2d9e8a08f029e984530b4441277c5d2e83f021f051674b1d2fa7162d2fa8b051a697697531e94d5f8b64497b4ddd9a2166a26af71bd592f431846ed3a114e5f733743bea4a5f9b6b9ec25d88b6a39d7a11e645d859b79336c5fc5e78140e34bfd7828baad75e25f4114aea89f24f1e35e1c1e783076394979a89acf042d0dda4c7b897a92ddddb16fdc86ba313946077f22c0a74e84185e08eb266d9b31c7d0fad92438e838d1d9761f8b310ef5d7f6ba46f258e0564b8938c7a088569e0c983432f04688dda74216a4bf70ea63923443f038e07bd3f61ab28e055777028d44bb61104d389d0dd1daa7dad053e6ca741f4ea320a515468a5924f153e7821ac40dd0e08f43581555733307fffc40029100100020202020202020203010100000001001121314151106171812091a1b130c140d1e1f1f0ffda0008010100013f21ff003ea7d7e46fc7ba195818332386079a0e50f988c28ff0c8d287da06300e42e198bf88e71972b8d945a2d43e18400ae2014b4c41028c5780345c76e1a8b2a86e5ec899da5dcd0110a1157d28ecc7da54ba54f9625757d4a1cbc10dce32786707886bf0b8794a58cc80579405b8213fd0cccc90de269f88ed33a4c066450c72c021f2ff0081fc6fc8df9e9942e2601f61b96e2170a7f68ca936401a08ec80402c0de55f15db2fbdcfe235b68d971032b2ec4196c95db2bcb15d4441df6911a842f4bf6b106692e02b70e5057de614b04f5346aa120d45ba9ae622fa45561a9c8cc32791a769a7941b48f0c0f73549f106cb8b62b0f17311f52cddda09ca5444f6473ccc720da815cab2fdf894303d60f19fe4a7a9fc8c33fafccdd9bd10da857e7a2288e5df8a38be39f1c90b94e67d602712afc24a8db72c5671b8ad9ea845501518f4e198b42cb970665d1ca6b00d6a2586a5850973d84ab6edcb2d85625e22da1f705d87f9997f851776266555c2b09c8bd08834deb8f0b06b728ec257e256f6fc475985738221abc64756d426727d94746101ed96579af353f9ba65fd95fb40c9ff006026b1f8d2d3f9d36cbf2c7e7f35c269f11c3b8836844e734e8fa0973f93896f5f39b94cc87822b92f49675f93cc36807e2925652a56cc0bbea53332c4c4c468dcc25fef341fee38b1ae9716c11d51528942a0d207662dd7f50a0c4dfb9719fc8e10397a86a815d402684c4b54c1cfd422c83fe2ca81f70caff24c32415054cbfa54b0f25cdba1ac42921085e2e2337c21d4d288ff0054105fc93519ff006134357a2299df71365cc7862f858cb9a7e43163e35bcbbe215afde6526bf578af14bea4d826c79492e2aa2ed12a06fe26146ad95e43df103860cf57160abd25c62add1825a67fb6a5219b9b5c2a13d10b5202fd709626c669c25587278aea552f4c2159625687dccf6a8a512052d10e97ee0dafdd38c5cc45dbea7b5fb890b27d40af1fbc4b4e83e62cb3a54965f33315fa12c4fa50b730e607464c7dae50f98a57b954a0e6880627cff89f2f8d3f267f2266a4a3efe383f05accb5dbe289dcb11aa3aa6201ce60ea5a5ba0e997b597150bb0c7732b6533267cb89c371ae0854dda4655c0c23efb832102adb6970b008bd12e5f47ee074a8439b1d411c46600a2eb445b4fd1139627cc56cddfb957406d1188d0e11cdc055dbb6571445590d2bc50a600a30440a48a440b353b004264c385562fb832e50710e3e638a8e25aff0080bf9b349c78bf26e68f99bb733d4e5c41f0a7cc75287fd6f83a2362e5c5c3612ca55d961187a463d17833a825a69367b98a59d6e67417df31ccdcea513e0d9f51b4b7f645944eae25552a5900f318965545406f122a7bb98ced6a9a9d967cc49bc1e62924e8b00d1832a7eddc1a53884aa69729564b99415cf69cb708661c110412306cd45ac4e332e2073484828380e217d5e93138dc50c0eed0b40b8b5132c3485425d50be187e2ff0083447f0b86e69f99b3135dc344b186fc09628b5c541ae92834cddb2e559cd3fa8bad4e47719aef94ccc8d4e52596e338e3cca776d30a3821a46fd39812df5c4d00722604e0d7500dc172cbe61d502f24552e198815cc4b92ae1c1bfa853da04f2b79257a8480648a4da1bdea73ea09a57c10ed67ea50179c73f31acac5691f730b25f3306c95704b754e2d89ca794296d728709625311eca9db0562ed874e06ea00d817f835dcbf0c7c3f96af0fe06e3c7e66ec1c9a54cc843a4eb33851291962b39472873c41d32b5d7ccb01cd3136da979d31bb73503c8f4c011231ee02e0cf386605d4e1ac82912f462f75ccb142fccbb68f71c2ac4a8c3e1b83c87cc0a28586e451dcb95c266dcb71521324721f2d478dfd92d3ee929669b5e230055c5e213c5f0ec95c9fed17995ea4e33cf1114a23be7e618557ce25b4006882803cd5802875062f538fcca5d1c1b8afb98378344596de352a91be4619017d54018979ff4912d46d36f713fa7d8420a05f0f0f97fc69bf11b25997e613731ccac040800ad089ae2a623574c7636d9fed959279a6e5cacb8f8954a47bcccd39783eae12ee39718c12b9115ed9855c41328f5c08ab847ac1397dc2e557d91a53e80600d3845210bdace7947723f3021dd5a9612a7a858d57b60a1a4c08bf504547f8664af1302e5b80b8220e440797942c811b4b7116a683022999db56878986ebee0b8782b2f6ce0b99bef41000adf64b5310a4d6343471283da594b3926b45a5aababa0d4b1d6fe4ff8b3717eef09a1819d834c0994066e3d45711e056c3627f710bc30388066e667a6a32608176506e608c6de98a5515ff29d3b81159ca57316770cce99a0cc8dd42c65d784a7171b9437732410e44fe287b8ce4fff0043311a10c0f153656e328a09a5be3b82f68e2215a82d18c4cf116906eee01fecc139fdb18327d4b26f7379aaafa9af44783b4ac567515d9b6dbe65b3ed949ef66fa85e97ea12ff00173ff0126af98e02d16c5ba8696862f1c170ba55ea28eaebd4a24f82574cc8e752b5f24b02f73d4b944b68c780a5990730283d780cd933895899af899ae55c05292d2f2370430f177280de20f92cee6034d5c70a71d307185e03e148947e744c8af70f14df370ddf40a9498cce895679dc7f8fe46542238866a1bee1e607c4a8d13d44d10ea34b9ec97604c6c34f996b347d497e7c30b48c5ddea2d52fee07f85fc1f0c4915f97f7f895935280ea5426a5807a4b2c710b665ce0fd46bdafa456a247ab7cae10e39209a942e208f09fa90d78b71dc33f5954bc13554ab9cbafd4ed161ea51a77364c90c113925a0f30d9910801a42362e306bf095ec55101b110dfb26616399872b68241334141102b027501b6062d4e84960337298ba960b8ef143572ede35fcf94c209f7346fe6fe0f87c3e17f2587ccdfea6d4c68ba9877bbb98848b8054aea0d1f49435b984d4bea665386a225a9b4de277531d4ccee08272c66e5890e5462f3163ee5ff0078cf6251cf73043a8635a94b0a863f15104595216264ab4e22ab4be26309e9e07f645811b865dc08f88e25cdd9d41385ccc803dc57330d6620a11298bf62c4aac4c7116409f31e498fb5989f88bfe016605ab8871612acc5cb258ea7ba7cb1dc7f37c5fc74fcf8ba3946917e61a088748ce0c442b0ac28f03881a9c718818999a7f68b3996b0df8241317db73221cbebc60cc203dc556072b188a97d420c5512b99680ed8650c00e21eb10bd2350d4c48a304d946871fc435805e23b61e88f5fd762cb62db799388b1ae9cac552d04136b8d622a07e916b11df85c69bd12c350d4554b31bd263100ab4ee3770b965e6f2d60a0a35d438a31783cb1f0f863e18ef2ff002fed9c26526c0fd401894100388bcd9a96262f0c4ee22220cb31f98e44e6e66487f1373f70bddd4b95fa954180b2f44c12c66a0956a5f3077108cfdc7acd2f25b64ba2d2926d44d2041d2c012b52d0ec211f7dea5d0abd4fd08c69424a413ee35a652b9ea64210c1332853b899147514c945b24942b6730e8c2a1fd8f8115e6b7e58c7cbf83af0fe3bfe669f0855f313c88414df89433fc662ada12e358d3a8a3751cb51f48f939c542a707c020e2a3e159160dc0a846dec4e171c4cf3d4b72a19dce713b91665f21a5fb22bbf352b0534c70e6cac1ec8b2efd9cc46de0ea05cae5dfb71587ed728d5012aa042921fed10514debe0959b4e896dee623db321ae2698c475169aa6a28d96dd84bc1dfd7e0f97f07f17c1fc76fcc58f84323b6129120ac0c239f0e95463d4554c39f18f0cbe35d47ea1c518931549857e52c2f2a02b1b3a8593e2cf7e2ca3a32e03177b9c43a8fa95308bd27100fda95181d164aacdddd4c83df484f8aec89442a8e697cbec855d2c64acfcc057f34358af6c76b0ea35986a24f598a9b2126ff13406594d403989564e21903fd1e183f83e1fcdfc9dcd4f73f8d11eb9a665565fa80265a2a3317d0e251114cca952a54482cb4c4b764ac3aee662b24c6282f52a16622267e2f12eac8898a99ea28c439539943bf15a07dcf69588608c4d1603a8afd087f0c311a54cd2b8ec33cc19e1f29899b80ef3f265e556c2555b28903602c56dc58fb960e9363c01efa102d61d8b2f87339fc18f87c3f86c8fe4ff0074fe1469ed80ce20c221a58552a8ea17b635515fe15e6a578a924b07663745ba9868d4221d472dce630017b2c0d68fb9c1d63886de58f72d529505cc4ee7782b27ea64d91157ccb6e67b86d6df52a05805ed28848b78f00a12a1d8bd477eebdc4bc3ed29d01dc4156fdcb7bb7e63ef1d21043dcdde89b3ee0ae8ec6091f5cd44524f89a0d70a7c18ce3cb165c7f07c1a7f3fe642be24687c5c6232f94c9198ddb9fa88639d4a87805ee565e6152a1e12e09484de63e21b6ba33706a6719354c368b7e63eb07e93a0480a34c72964e8b4a50d90c933a39948c4fef26270108db410b495f3f722d10c072d93b614f242bcfecc686720b73d448318c8177473f3c59fd4fdc61a05cac05cc0683e9710283f871e5fcdf1cff165c58e7f06384dc2adb2ba9c83ddc17969704b9f5d4bc6d07cedf00952e5328acc1f8952e8c0b129a29f51863c081e41e2bc53984c9b41bccb90619d31155505dbea7be1ab4fba9983b8e23a59330323630df1cbdc858d22fcbe0c9c1316b0404050d47a801a080c30428d9a990222c8904129bccdb9b466f265987e2f99718f87f2e5e18cbf21aaf8214c28da80dd86e987dfcc24251b0be9696743204a44647a1e20710ca72f71bde89744cb86f0113400635b5c4e5cf75072f3e621467d200b18797c3e0af2e137963954f804d3c4b8c527484010a196ae012da18987c9e1bc4a1cbf3299ab3c44a5f799a8baf998400bee626d6ce601a54fdf2cba13f70e73f115b7d4b2872c3854cdfbaa3028ea0e21fd2cc88f8aff0016318be1fcb663e1f2562aa8365bccd22e00086c9b59b65272edcc42ca6e8b2ccf6d3acd70bdd25a62751b7eec8492d774e128c87ee51e9112e652709608f50f10e1e2183202943f66c9be9f731caf619622c744a32e90c7e0cdc389f4133c25b6c0c00874b2a8d3334751a17a9417728a60dd095a3f1232ca77368d4c8d8f994e6fee5bad7f32c4c8f994b627cc1021f661c6c7714a9ae44a2508583c5dc78c7bd24559eb98c295c1a6f17165f87c5f97f2da225fe1cfe6111bfdeccaf370f44a954565dcb06af315751a9b61ca20144ce8710b0eee3ca6d17f70c0a2d9a8c7c9badffecb114f984654fa8bd58746310cb0de615ffe2a8c12c0538ac170f51b54d31aa25453d2ff00998afdea7d0d309ac9ed5f825b7e08a895729956e2232cf3fd225fe65fbb88f9a3d134cc7f24533608d451d04d840421401899a15711b1078812a311d704237cdc4c92377cca48eb72a060129069ce11d7f026556b71ec982ccdf8dc7cbf9337fc9a81d59a69651da267d9826afdf4c52f8770394ce501943ffd31069048d9736028d1db28cec1a5e5ccdc4a588a26b3b6662bdc1b0d65fe2586d3fdda81664bf8446bc1f2d4ab33d2349ae7c5f894a7d91042ed54a7638035f30891b49e2e2c4b935753dfbc86e8bcb32bb35302a9dcae0a9ddaf6c040afcc726d7cc62d3ee6aa01dce42436a5ee5a628f7084b5f70c80076cdee7ccbaec987b1871cc56604c4de55ea1332f04be5f05fc2fcb2fc5cbff00096ae1710661dff68cab2a8afca317ff0068fe5290c23c1410b5ca85dd2257ccbd8fa95c0220263adee28dd5d2b2d7347f31930843140a8c29a2b1156e0866ea58d9739b83c45cee89462d7176e25e5eae11ccbdb84343eeea589c8ec88b4d03965ad75337b4749932f788b150431d43a86005e0c0a4f71640e3706736737c29668a6e020fee6bdc689a088aa29bdc6fdf72b5c24385e59fa9380c31be588ee48cd49b9ec2a12fcb165e3c3e5f0f91b78bf0c55f24b5fa20c5f529571513bc0e13899f592fa946a183ceab1114710129597fb44ca1319b5105ca3f4cf92a88bccb15152c2b2caadcc1348e27c04cc140b78788f6825a524cc9814ccba38af9944d07d403e9ea61a62e3bdd53fdb84f8947c5e18833ff00d94a4ac503dcfbb1598ea2c23a81d5841d5a8d886aeb0de23dcaad0a07045db3ed9a192b59fd1104545d55ca061c4ee6c4d12940e3894bcbd41f4b113323afc2fc3e1f2f9b8bf8165c596ddc0cd0a5de9b22e1c04cafc292a9e62bdb8db3303ee2b7aa3b8bf0127ffbb62a9e0ecbb21b0d2485d8e3ee3cbb8d17a2a15eaccc604579253b068753d8be25297304dd25fe649c4e062271357cf64cd0fc52e2a308b9ec8adad712803170c565c77992b35a9748f12a57454a3ef88dd9cf172872c12d078b636d53a22b430452a5fbb81936e994806df70e0adfccc8984ac826416c045c7115127a8572fcaa1955f87e132f0a78a6525951a9715c1662210c45e5f0312aa5365f72ea351ba3b6dfd105783424382b8acd03db0f684e0e26898211712d4b488b476e9f05cce939101c4381e6342fdcb132b9992a3b84b6cba8e306a20751c6ea71515d30171f6111cfc8475051b1cc7f7ce65d8838f440caf84dacd447ea2e617150943a063ccfb50d93bd4e1a771b075ee72d2138cdd416a658f07c938fccb07a81f7a08a8fd4a18ab9ed9f13843de30001d4bfc2e5fe2b2fc5f85f87c5f826f9c6f70ea49e0cc390732a90d4f49772f3d2eec2949547010f1319f0c13ac14f506b67a626d0cf54f4df85d0af894e98637c76c679968ff6c1130d411c4247a82649608531f32fb61f062265da5e733e352aa8b332b082b729f0ca8ecf31cb0ca84a50753001c1dc60499239dca3349dd0cb82e66125629b3d1317ed9c2332a0b6c0010c8df72ae9ccb972e5cb9752e5cb8b2fc5f9b9737f831d28afef327e50c611bd135eb97c05b2d20a253b8293a89bf7d9333f288ea60e230f5074c303f565103ffad8dd05057cc8a42010d2343d42079a950aa07cba9da183788a588f32e901504a9730dcadaad8a3079b3185be65e7c38c45457382577d98082837a88d842e1981f28cf77cca902be008f440d0b008b338ea1db2d0ef57030cf3b97f85cb8b2e5cb8b2fc9e17c3e357e972e5e88a2da2595d4be611c615f881b78888b6aa2b38874b94bcc41e60be25e0947508afc5e22ca355e9992b98b0dcb811b9b461bd4624c5b053b67437115e17c4ad95084e982655aa5ce825c83129b5b87819f109fe64742739cca6a868a82f330e43f0bf2cb97e17fc372e5cd537fcc377e7c285cc4a7f10507b8e28b5c1111c5f31ea7a7042024c183644303e240860fc1d425c18a865dbc5ccc6301a896da7a8bea5a8d1a228dc421a9451881ef69c19811b814fd9078846fba1822f045bdb731263dcc13169e3856cf2c31f58eccb2fc0311cbe6ffc17e5f17e5f17e354d7e51dd39c4d8471a058c7f50318320e14aeeba99cd66ae5c4da863c1f2102a043c0f862f8696602c3a6bcc5bac0d153e33e253820b9fea095cf99a5b32952d24e62bdd42aa473a184aed9a2371aae65a5894b2d1177d0494e2807a8a16b57d422da8f52c3993665a9e23b30c5ac78e1cb16ea69e4ff0025f865f8b97f8a87f74b51e8f18f6e933de019ee23582b822acf3f88f00895448106611b4af150952abc3e44d1ee0069c928218750e029be132d8618568413f69f1254d05530b38c857624bcb022acc990a632812d44e572fecad4764211f921e60c415f1014931f966415a8a17c1baa9593964770fcafc5fe4ff854db7f29b16ad4d9713825688fd6a6928085b02a51c448f94dc0ccaf24bf0c6398288589fb8d00e757ea08d4151b3267edb71c9d25c4ce798a47030ab6399818313b1cf152f051755392a18a615eb0fb940853caa348999a9743a54e2524a4bbf88d885fc99587c784e48a15097e48faa5851f93e1fc6e5f9bfcfadfcc7fa103699fb15aeb03b6e560690c2a6a10665410f021e75f82c732b11c020386e9094431ca31a4c932812d1c665e02017c9e65659363fa259414bc4b6943c8c26cd713795fa21963e311ce11e2e5ebc678b8aceee6e29d1037d2f999d7320f70fc023993772a58a46d456c7e4fe57fe37e337aec9706d31370b4c0369ed89ca6c25349c43513c0108903f03cbebc3fd237c7986a53ada2bc9cc18e48d9fe0ee7bcd83a99f290224cea61fea462a0664b5cdd4ca93e2096a915604226697a943531b860e2520a94b3588b0f8fb08b4255263135288816a53c7e17e165cbf0f93f3af3fcd8f72f6d517889fc781f34f9875bc53de2637ee2206466c194d100188b3e07115a4b8cfe2ce26998c669cc1be904313732aee67095eb3351025b574d2202896891ea6327dd4b448c6b7e52c684b6cbf716e45cb7ad16f70ce7ee941361c4a40304ae396e26bdc15f120dbdcbbc0c43b51355413c87105b1013fa5e1f37f8bf8dfe66a7f366aca81265264097b1e25b324de133ff0044d70a82a15c02a06261f99154ee09fae5db31514b2317ac4a570a647aebe61aa310e7f541ce832a84621760f5058239800ad32d392c3558fe8c41604f844cc87b2527f6629b77aa61687372880c15054b41aaf9235180c00183dc68521d47b5bb7c433fe8c6d7e89a9ff534e71ff0ef134ceeea085144dcc245549cae17d6230b9c895f3159b63b157678690f046118118462aa3a849b324a6b05c0116185589c32d433ddc01e8117c93d10f1f020a45c41a10855aea59aff00b990b0ea32ccea5267e966821f50582bd883f14ddc87a851d11cc8c6f281b254ca95e309cebd3324cf99579b9614d9f88283b8bfe49cbdf52b81f94d3bf7c78dfc26cc6b47e019fea4cd40fa9f331fe2a52a96c37b3fe89be39152eeb3d23f52a6bc229c78afe13c036e650fe523e302547731cca7a915d2eb0325aff535f4e52d3f42386f8b6ccb37986b3173bc44774f10db81962acf92306caec89d3c664feb329b5267ed31c40b0199940916251f4c1b803b94d287b269f53f910a0f895d22f5130ccd8cfb8aff00498e79114d33f70f1f728d2c359c036dc16c22747dc6d55f3036f8c94bf551b96fc9199d575fdc23fcccef3f13447ea7283ea5c5840f837ea20a001808d21844da4b0c9da230f80c10878081e478af2c0ad46151736862028da5467338812b4619a0267255e088a52881887c4c787b25b02b703682346b381dc284d3827d2d044f1ebd4063b7cc59a2135fb223402f8667bec308689ea593551ca98fcd15fac19a307c12a03b131cfda0897be226b807c5cbfc6fc58e6689c039fcca8b0c737fab15b4b1ff00f79ca25679bf13833e2643e720e6c373258764355ddc1c1e2357901021159840a586e5c3f018cb8c514bf6c4acee1878502e1823dd0b9698aea02aa421382a83bd1ce23bc057643673a22e567d188b4ba4fe0092b587a54c1a288e2fa657507500b0ab2e280e09a625e798077045977c7706232040b4f8994689f52d9fe24b97f8b31327301d935ee250e5303d6496a2e52c5b9db7e377150217f304a81e1230f171f172e300ccf70f0f41112ceed4a412f82f13524db770b33997ab2927094ff6e5f1a7d305390f70599fc217c8f4a8682ecdbc3da184637884ee000f4262da53d4625854e4ccc0851185152872b1aee6f0527c9280ac34a5c78b97fe4dfe2d7a117800cc8c0b6aee5ec1bf03143cdd107c32e5c18c59708f039577179f055465bee9ac4ac349f3db8e02097998c2b10e7170b2d1db13e061db72f336e91e8507127cc2533835528dba95ba0cd97fb63882f931a2d1164ed988eaa6edb65f437ee1a8be607a6f925267fa94983e11ff008843bc4003fe20ea5e4da7ac061ad32a986fc1a4e442d2db8ac9a661166f1f21b4a5a8591993173d492bdc0a3103c32f3b9510a899601092cb88a51b31f0f985583b4c2acf70e09a53bf88cc641ea570d3ea6582514334731816b105ed24e2076209cdba60dbbc6c200035704aa0613f1254e20b39513fe2623b838b882a2cf99a594c6223073d403cc3154accb011638f057bf0a771bb440770bba83dcf54b196a03630f3b201043ca8d93821e6e55b4672cb64af21e1b8b43e65d604b2d762cb0672f9873903a8e2d4c23a1d25d1facc777dcbba1ea25dbb9b977ee295fd5730886ebb400a9d26f165251c66fc22451d32f1eb298fc78bff0082ea1515664bcccd99bc7858694b0cb91e972ee618a3f7cca9da54289c83882b29dd316a4d41f78e304a8963e415a843cf2988aba98f764c229a0974b21862de9cc3feb2b90af997c57cca7101cabe19b687a959abe495d422bff74a79805b0fa9a6f926b1768466936fb9f4536f84c1bee7209df700d7a1619c0850a04fe2a131824dbf28461e2fcbe6ff00c0a6f0930ee099f85be2c6ca26044f028c72b2728258b49126d872b28560c410d4199955c069e7d7837421e4f10560d2f70bb853a866a4bc18c3935e68f113c27aa578537807b27bb98733e1f0101c0ae84cf00abf899c03f52f2773f8083b2a2337994b6b995e51373f9258a565ff00ed4613eebfc9ff002f1a8b5f7324711fc08b5e1b713d1e3d3c5542ae6282a09b873833f82a0793cb4f0f5be2c428e1832c13e02f35e0f1c785095712f0457727844fb804457b3b252750704373bc7dcfeb8b08a7ec2546c7dc6ce3ec9f34ecb3ebfe0b151be812b43e4363bb4ab8782e98e35e096e66194e2257831a8c43df80791f857e27e0d088b789c91c1372f0592cff00092e442216a107c2961714b8a2a2b2220cbbdcda7e89b61f51e77dd2d66fbf0b2ffc9b8c00e61c4bfedfa86826a7645639952a31ca09dd03afc11a4f9d6267b4c9388b02105b0971fc4f1ac52c44da631561154b0f1ccbaf20ff00112cb8787f265c0344b9470af89fa105a7dc2a5b235e4763fe21a894193010103305affd4c5e019471e0b8f91732792c93567a4db97e48dcd6469b7c09de26e5f9b972bc0c589728ed71ccbc11c271a88d6570cb7543d441d89c7e615bcc77e348bf54cd7bff001dff008c4b4170fdc9ff00b8f75c5f0f8332d0cf9a86182d63ee5e1e7899d31d4a1ae73c46391f803c5cbf21f8297b1992a650c30f517ee16233d95c4a322570fa4365526a67f07c3358aefd4a3fc28ff20375cca4563276cd160603c12bc2c5a18c3c55e0e608226631965bdb632ecd1b3e48451e299940fc081e1f0ccccb5a62bf34d785c4b89a07fd905a97ec88dba653b57b8e0d0ed1cd993f07c3af17eda55f0ffc460258a4322349a7004af174477e48c25e60421965a8c715f9238bb8b632f9412a728609c08172c330ff0090c0955cf12dd8371cb0e25d4d60d37336312d61b514e3b423b1ff004a641969a4e538ca78d5f3185e0f5f86b15262fde184b2ebf2a8786e3bfc4fc1992a101e5275b03a3cb12e0fc03e154a306611773f6185363e205279171663a0264e655c12be6296b6428c7a8ef31f86ec83097f85d404658972a8ee0484212e3ea641d400d3713fbd3b9a56a389ca1e7e6600bdc0c264e655930c0b057f694f3e34984b31ed9c467fc4eff31416b00ad06d65580bb52e6b8fc2a5408f832fc0ba8bc673f185dd11caf3334a96f1c43c9ee3840831fc0a545065c21065cbf0086141972b7118dc057b99af0712fb9f1327e2017795fc4757b3fd436eabaf514ad3dce2ebb10058a3ba96045146503d1da7643d44dc59cdc710ef2bf03f35fe1ce5b52a6a78c5380f515e7c1f8dcbf0608ab16103aee2ac3686df98f333ee9b2f73ee139056e0dbb940a8c1700b3f10d88b5307886fc11f370ac8f9a658732f632aaaa5d9060e3c0785f8a1d811c916a14c3a654a046a3053aea658cb30d593a99e67988e7395338171e3e61977e7302c81ec837817c4ddf135f9a95e2fcbe4f08d4d4a7b594c3f66e61a1963cd7e0b16532dcc30883961b838f4f17c1619c535d3023702df659654b78989d09c464a139c4dbeee7165c8f72c18e89878b38188c634bf0a6ae5f72da787cf9e9033070917efc301ee511ad38ee02f2625b8cc092496b98e0f6067621e4619282f5c4b13e774c7ac5daffea1a061fe2166d99f222905bee22a85783f22578a6ea63fa3e27fd28e52680446e5cfc17897e18be26c978dea46b696c1d4394d4e597e0e9ea63cccaa2a19abdc6f4dd3c781172710e6392647bfc0aa0844f15d448ed6a5d74c770c47334487bf3bdf8332f3c18de211070f714eb421bb28f3316597118507d3e656b022accf695ff55cd52f7c45c0a6161f22d18c2dbf48e11b986f3211fc8233415f50b0236453309ba5cee2b819840f0f97cad64dfd023eaaaed3213ac7799adfe233192661db4cfc212b5a8e9ea3aa86219ca0713305e2bc183319610d78628ba89d6a6738e2467135e490d4d3c2c789b6a414e194aaf881573ff68367128eb531383c46d538102ec2b9414327d2615647517706996250ed7313c438cc1858ee0ca31d637667b2503b38894e7f11c2332553a96c07bb0c3c2ccdf91f8b18639101ccee672c758f89b34bf1b7b9cc04e7d4d1002cc57ee35c3a948aa353e21e0e1152d8dca37d7838c35e1f07647082f897abae138f0f854dcdc30ce59bc455f39959c32811f4fa6502be574cb9ea5a9b43b197f0cea1765b198e1a8865c0e3d40e87f53618657214c5cdc724a9ff00b24bab6e04c734ee0f90d314eae068f83c568ae21a2679622bfc2bcdc7517c4eab0db1ca03af025a94643329f00dc39ee6d8991d10d651696b418f3475e0f031c43a86a1e22963020d4d21a04bf4116030732e9abe599614b9c43509cf8f8f01e0dea3d6721ee52cb71cc38f73e29a5ee0d7c4a6ac8592a28c1ca559bc244d46f98352d439ee54e753d352d11ae1f32dbff515ab5730380e996ddb83b44784b5f12d608e7bfc3a26397f83c5781e1f0a2a99a8df11519331a99d3df914bb39971c40b6568ce7aea62a6d0178a3b8d5e3f994e063dc1c4d653856a5430ca81e931159976cb8c1311f011a1b3a8adddaf328ab5030770f04e3c7138f1cf8e161432a393e2213c7f5325a09c4bc2f35887d0856b511dd5ea330f11b4c66a30f622025e182037dfcc62f62384ae7d84c3335c42a984195d963361918dcab63bf52a7c2ecfc37f054a95e562c4a250bdf13d846a1d44967a7a8e9f88f965c36c76cbea2a720c38be2724be63542b3dc1c554b306e0ee6132dcbddc622c00b70dc198ff8095c5ea2332ee50fb636d8a87b871e38f1ea7389cbe6e5d130546c69d91b31bd9d42ab2d7f0cc9ed32ab8733905895355397729c9861d0b9a940212e3186f512c74ea52837d7a81c85733091b599c118abb91b9a94031784e99d2b499f2f83cd7e0f82bdcb395b0751045cf8061581d0c3bf96c5b8bee2816c0d928386fdca5e0c7b964b70baa3d8410bbc873c4b18e52850cff532b6cb20fecc35af0ee6094d863428c8b0cf855155837f30fd52b12fc7313172aaa732abc30f7162ed6ad19825e75ccb8963ee5b45607ee2e7133f4a8f5a2e3609eb457dce650642ebd19ec0e49ecd331322c7c44ac974ee58c32f7ea672f94ccf7302b90a5ee21430f11c36f510af913ee07f01e187e0b98a544ebb3484b8a294930b10d2ba973c5c261a9c25c0f61d4c6145dddcd7d4412b4393d47163e65a205b344ad37b947a5c4a2ab5313995acc13003889642730658ab51b5b61ffa9c63cc65dc3b40b5e0f0ea5465c598d7492ad9848c1821a1e0cc07d3e60a87920c2dde66fe986cac3ccb4b64620a64d918ded2282bec78b4852ada5108e55848add349ea61d2f584027032b38399eeacb25963d1d4da23cf821e1f0b97145959138768efc0fe00bc116f59c443e11af01932a855682f994751afbf66fe52c9e0661596e9e0ee695c4309bbe22a3dc637c4d42575365cb9b54260d1055dcdc26a1b05c458adff0012c69e60c0461831b831f0552c82f6fc4d32c6f4ea0b8be4c445c4e2ac930f897b61d8c0196cfc139c42ded0f8803b689ea0cdfc10348617d4aab7862353264f70b5b732d83abe20006061109edd7a86cad998953812b382e1bc31bf728e66ebe3c10f0caf0be0a63dda7f99500232e3083713d77b96df25cb155b5ccbf06a1030a6ec99f04c73dc2d97f17304eef71a5643df1052ed5c4285a56e0d74388168b487ee3547ca62d0c188a527ea642850ea58ace6720f9842fa25b7036e55a8bff21a60bb71a8c01a454ee1b0461563610269fa8fa4226cb3274cb5c68d26639b1ccb88b13f9833d245b92f34cca1cd332925d78afe62a5256ea3fa416b42d7c4d4c9a8740c0a870773a4748e2e3a1c3d44c9c9b96b53e845f50ce9ac626c516d186303b35ee58eaa107139263c64ee197897538c7e2cb8bc81737fee1451af0c691e2206d58259fb9a97f2bdf93c9b8855cdd57328b633c37a838e93196a5e3011cf31dad05ba38959192ea588abbe6684b749da777ee9c55e85a4cb5d60ce50c30ae631b85d261fb26cafa45d2258b9933068ff005183b3915ec8c882577c54b88724bf062a8e5497106c3824363c9bf704cb5851f190538650180b1f701a867454f69fd4a4bd259330f2587d4be4c43107d31726b7c3c780a23b665ea52f5a8445c32eb61860925625ec97f5e60061a865462b22a94cb1379c151b0718bf5060387c7c4ab98bdc5b8d9c44d4fd41fd4bff000165ca3c15c0c3c40006bc512a32d10747c7a25cd6bae2357f99010b8e7a85596507f73268e789daf98e4e07a96d132b1a98a25ef315bbcea26d3214fb8a707066b389911667908b1eca59586e574ea3a1ed73a406614e75bfd916135ccc0ae27d6292cd8614e9940e9431b2c75c9368f72e515a3ee56af93fb4a470ccad43d840162c15512a035b394048b164f52a7df8bea5acfd17c414ab6351696e9f72c0d38764467364190d1c471b1cc313c4618b658caa173f5bf98af50a9529fe20bd434cb05ac330b620f46153d97a99f6ed5736bacd4aebc8d45c78499128418b5fb9905fe0c5f074471fee846a14a27d220db144beb1fe3ac1846cbacdc1ce315d4aab1c3195a394ea3da161325c657106e60298bb66604a8439f705eb953e72d62b4ba94991adc71cc0f3cc56d059f4817cba65f8943a28e7dcae01c94cb8050ac3a8154d9b27f3dc14e23a0cbc250bb60b8697c3927caf8bea2d74587ce250cb25384b820652bd25b7c97865ba0caa68e1f3e395932ce602eea6ef77c41918c211b1b189658eb3163b3319978b2e2a2e0648a4253c32d46d66155aeae3868ed950e9c91861045c4b22b8fd22bd969e6385db1a83148ab4eeba9417b805dfe0f8a266a9f36c2b9841e08e3d6bd7e23c7272ff0092bae316ccc5aeef8979146efdc2af81db152f4cc04bbe6e0b6cd28802ed49033d30b7a96673a43b4b00d37c0cd86f17f732ab90fb981a6417cc0cba0f8f7105aacb7b25a8a528d4a1b4b910c65940851a69d4a2be4425dc7d7fde22217690cb19afb9403ac01f731c3bcc55a8d90395f0c4a91b3b95f8853ee5b63dcbf4705cbc0ead9178978603478ba81050bc162bc232a33cd4dbd4bd1f097b1f3f51ae6e725be25ae8e6177e3a23b53e6316cdc35b25d30b7b103c0295e7888ace6c8856ae07fe6298ef8b971bcb7e197e1a9b65cfd516a09708d3fef3fcbc42d91323139ae60b671de26ad8ea594cbefb96bd475dcb15454b1c33264f52c41a0cd704369689f222a8b6d61ee6e2017efa985f62a731a5bc24a8b06f37e9c451dcbfb4c3d3357d4638b55736fc7c94e65be8447034730875961b6238391899cd7254b7215184ef597b976e8ea0211ecc0c6058834f171bc017350e2eea7445e18150a0a60d78399711e170b29b18fbc2530ada688768724bb76863ea0bab1d54b5dbcca4d1afdcaa4ab1a63e0be50dd55bc2ebd686a9d51f9c5537f6c42e086ab08e118ac5c054d92e2df85af1fa808e352fced68c5d8dc703fc87907b318856f3d41aaac2472d60fb9fca176f5884ac975b4c4362837556dec99af7412ac50dc656d7cb36073c914b0536bee58112a73573286d6998a4cae89b74a3bea3b0e14a5beca8996b85fa99d5fdc22a0b0f711ae12fb9c96f75ee7ce8b8aaad55fc47c4e94fb8b4726270052e13621b99682cbcfa9606b05caa7d8cada2288d690b5be99450dde6543560a81f16a55a381e6380a5c6e6b91dcb8f2465976168511805368421d0c5a78d93053f371ba5cb2c3821460c99626ee55c897e2ea3c4c944c48d73fcc387272c7d7f9cdaf5080a9c2f1074e3b8a79ad57ee18178753330c28601c9731f82706521be4853e2015fb2580386677ab87f47b1838328609777851705ae5ea66343624c52d52df220f4ea8a19af72b175b55c5aad34b2a25d3692dd8d25f52d62ef84614d2623e86b7e981421551ae6670c6a7a948d59725c06b0e207b42c8bd0315b1a66c5bea2b9b311a06f0114c0d91407866c5ea18f32b632ca7ab218962f73ba5a7b3324a3b44ce393894a6c9bf503fa4a6028d24d6f3b8103dcb419f171cb1a215aee5d0218a0ee20980f5b8dd13f11dc3c554a95e6bf3175f646105c28673b652d716f3cce1bdf1d4eaf530b8e6f51c698b1c666a6dfd48a8b74a215a569838a7132d05b5a802a10d408343f685c2d8b09b250a94c945ab6059ee5d5032e1836db6ba8dd21643bdcb83a8e54285f92a5b72fff00c5622caddc4583b96533b22f7bcfc464a870f64a902fec4a412b32c0acfa90ccada1ea378c6e16638a3107c521ee5b65ace310177a25c1f025c00074953802f10f41267a94ca3bcd2d5fac6ef8ba81cd7764b1c9c42ff5afb8a3ee4b535a371e3c06c998f982f8c9a44b4ae5fa089a6738605c317102d945d31b55bd889542a566263c54afca99f8898c31a1c16540a066b44e044dea1424d0f703a65622d286b9cee2ce35ea7b5c5fb8abbe0e3a9b0a8c01a5591cbae60ce9805f2cd61bd5bace6066a54764757b55fb978ebfe3dc5675b33dc692eb47c40ee53b875ac50ff108aa91f63dcb5acd9bae2e183901f733a70fe11ece8abea535eb51e2ed1f3b97106cccd9fb349d4753632b235d9ee2e28ef6473833c678abfd4483b19961f319a3a849d226fa96c4e763186dca0238509b7ab4cb34cd429c0656b3021bab37a22ef2dc4556748c0ed0a495a7ec8e0375e10f147b80b5b2fbf019f71c4e14b156dce73312901e92c943f318003d789b69477133f8578a9cc1790d4159f5299fe18ab4f54c1c4a3f804e3fdc523ac172f0105cdb09c427a8721dc68014b29f71124387b8a0f73941dd2ec67aa995d62f716c506e2abb6ae76ce87bee553494c21606c4ea50306e3dcb34bba9872ae9f53e75a2f75c5f530376e91a34ec82b7991f6820414867cfc928edd3129dd1c9dcae6306e7b8a8fb9a32831ee5ab6c3211ebf744607893d4c6a696b985b8d4c9b8605a82ae5b8a0b95fc4bcf4cc168e62f677072c4cf2d40eb72ec78314b055b64b0064dfb957b185b38d7b8164bfb67a26c07e60f83c736e66dc4e53d94c2203498dc5836194e98fa94155508a668eff031126b5c727530fb4b92070a258a38e730c18ce3f997e1a880015bbe91388605394ee05eea827bbbff00a4cd59a60268382e632ed14725b7db98a4d6c35ea04b2b2710192ae19b9800ae8c1052700bea2d86525c3228f11b4b96186d9517d9389729bd992a30f610739c4cdda86aadb3dc2f43888ff207d4e7405fdc60552644945174b4e11966106c85a99705806b98e1786068edf4ce0768df5020f6d8cdf74412e19bb25a41d1710f68621de2f7a8805bd18330f8b8ba5dc42b2eeb302c7bb438ff0029809a2e51e7d58a8db2e5f83c0f01a773a655cc595f1da712ba2692a2847a0cb76e3ad468170a544299b84ae659ee2516ae18015e66142017e0c428cb98ba5d629ae63f1dac72616bb4b1a3036d44b612d521fabbd4bfb98078b9ac0706c8fa24132ddbb974914f49472db88e40db788aad4dbf4890673b22411c9986d1c66506ea2d022d67b858382df88441be6445415a8fa8543426a2e8c852389dee0dc2b5af52b10db94b18ba5c51348c43149c6636f2e51d403100bb2fa40d82621e49937789a0684c99e6ee55e0b9985c9b9a32f9ecb96f1a42998437799575f52af8032c8bf8435148ab8add1258f020cc25f50600dc78b0470af72de60612f399ca416ad14a80771617bb27f00b98da97c9348497d3f2e60a1f6945d87f30a32b9ba49e8e6ee16b3b8ac6e3957582ba85a472d66618d0bc3b8803a64ee210c69ee009c5ccb8b83b9c4ba8ed4ca43f384175b922e5587314ec163dcd1836e5ee7f1054cb29fb8ea1cbf65c2c3eca82a1ec9cc7c3e62f5ca9fc3157d6d8a7428567dcc0174bfa84f283692f6b639a9ea646d7198056734a5f7637a9525d989973422e08e144b1d5a86f46e507f084ddab8e4bcab18aadece6e52e79da2d1aa22bc856212c3a8881d062568387315b6df3100dcc1f183296c9cd93e0b1959c69838bac7b94563130319861973ee0f52ebc00c64d4b74940de659c254aab30c752de6e6a91bb4e6e52dbee3073cb4513d4a08acd40b3daa551633d710e1afa9e9e25ab388894d70bb954065d1390aa35dc52ddc7c2b50b46d5a9851d8bfdf531f77f1150e31a236977066d1b9c8b4ff00bcc0bc17f5995a674bfbdf337516d5fe92db02d3c772a6f287d4bca1c16f52c01c6896c9aba80f1d51ea1a06814fb8a1bc23c2d8afb8a07fd04a0add7715a702e526a5de582366c94890dcf7161fea01ecb4bb35a865fb7a97b6091b82281923d4419b1e46643ea03dc619c5c2b26c605bc35cc0d00e3e660b7945d3ba02fa5932b8561273ff00c08a9ed0e996097ee60455981327a86a0f85d8f972cae54d6665881db0023982da4219730cc3705c302cd24f9c1f19b0729fa66e93b3dc22f27c54e17f173185dbc544810463129b7031372557478ea55345018967e196351656c7515438561e7b98ba0b1f53bdda281c16a0c5bcdffa45b5cadfcc30f5f31bff00988825134bde636c5b4d101e85226ad15b7b9d78b8a701459c62af899a6b9c472742bdcb356965426ad617b88db452ac839dd88317c6ae5076b5e303f3728be90737d3121ef93b94a54ce52feab8bcd0c377080d00b2695ce2b077e02fa37363d40d8a49f48c4a1adc32a435a4f769533b9a62629c1d475ffe19b31035d7b897b5f6c33ad4c12eb889bccbbf04d6a518558cd4a39f02307f732bdb6dee6e1cc0e8f1bc59ccaf0915dae2d730a2f6f72dd06666f37ffb28db2626961aacc3a8865585c132c2bd9171143c2854d968e65485ad7c25ec6a962f12ac7203ee0c0ee8fdf3149700c4c00e331dc4555644b152a22165a28f444bdd0fee6265533ee5aad0f9efe32b4a18c91c3c17104db2447a83f45c124374af514bead42c0ac6534779b8799630ccd0de79a982e496749883e2b7154a02b70dc8b0d6a1a68362e55989440e312eaeb9c40479f1caf706581ab8f6a05ef6b2018e6e64a53f29fb336ce5e8986f314749f789c0860e8ea56352bc063371479a81a45711ab3889a3519d4a1733db3a180859ab6083b11955b9d40e5ddc3767d4769eee550e39af7168eda52d4e099d1c96b3c415d2ab0ae7dc3877135678978b8ca215b70544c1ed0cad5804194af0b868610a4649dd9b7cc6d465dd116d2b15b3193264ae6185a421291cef13335daae5552a843a8d3ee7c97f245b4badd4030da18036ddc258e76b9481c655285cad180b5a4a68c54a1cb1c478f89826be9e25020f71c613b3386658853087b8451c88f7e91bfd91583b4a88a2128c3a61f209515bc333c73dca4c53d961b27da3ef7950afe467317194306f3d08f4efa9a94c15e43b84eb884061b95ca364fd529dcad17ab9756304a3d0eeb8989915c5dc56fa80164a75cc5303029f72be60944b358bf68ba737b8d873ac40d58609ad01886d5bf897be540f31b5ea61c404cf27119f77dbc4a88e87e267ff0090900116df8989ee9ba606b0c9c4250545e63587d274f08cd712e2a50130128d555a981b585a9e98ac5c14c79f3730663ab8c7d622cce23c84a6cf31a02f8992d63d4ab6a1bcc3764baf7572e619f5340b12a56eaf61061e6e549ccd06171cd73148d74cc406690f53997fd04cb0f663ed435fb5437433cb34d28386b73edb95fcca5e25e46ffa4f9df8ea6a779bcbee610e1732ef9c46a57e92fb34f6661e4ffa65fa0b8dbf7fcca6be1ee0b3aa686e2a014b74e100dc34c72fc44295b854007012c3bed7fa8dd037ea0f896a655718ee5dba15123f30d53f1193707fe4d9a92aa57a83cc82536ac989b3a07f6e22b0a1184354bf4998e438ee0ad8cce0b92f332ce6c713377967301a6a0081db29520ba2440d77703855456ad41a892aa6486e16352bb8b46a3967b9b2bb8205a1ea030b63a96b99400c217c517168e215bf46a2a9a96d5b0a7cd44c4b9a974cca3589594b8c6ff425b2c48730e031f32b4c79381c67dc704a1577cb6193ea5bf2c545e60c35e035e59e346e1d30ce1cc15ab0e98765f551b0e0c9532b9eee5357c7713da0e6454d356563a97f9d573144c5ecbd7a9c4ea2817604143b5390005fcccadf84a2bb5f62a0a09682e7dd4585696a1b7aa8f508d587f496b570fd92bad901ebdc14e55ab9665aab9f31cb18312562fd44112bd27c64ddc0f30e82eecb9def1b9603823582096754d46caf71319cca59284f1573351a7b331a23a269a2b0970b6c11ff004260fe659b3ed07d273389d3714aaddf3e14bbe6658f022997bc62358e65a55a744ccb2b840470a70d0b98b626bcc63fb4c33af9d179c33b33d40ae0c2b38f199717c042f55a941fb2539fb8f505c3659fee3af6dfd4617416de88d608078bc9c432a30a62ab073c3c5c00e0399a5a8b815f330440ce25b766f72ad3c13193c8023a0392fd75328e036402cd4743845765c9f812ff005a4588acd07c4ba7c1463cfeb20ac1b770ac7b4a03c650a351641c1ac4d0ce26ff00422a8e69fda00fff005a85c1c55c48b137058128cc5c7d8452c1d931045baf589757982eee5dd8cca0f9cc6bdad0d866f899cb0632afbb1940a3541145af44b25d1f53159965d78fb948da0acb1b203ae626daf444cae02828ff00644f0c6d4ef3770ba1f675f12c16ff00d33d83d42eb47a9579d4ccbc6660bc0fee2f2d712d396a70dc6a1d5dc6de1a6e026f18e6028df1d6a63a64ff00ecbd1d60a8bac364abf8f704bd8e8f52f46e99a9a8ccff0010aed73962c644ed862429f701bf657cca04bb56abd442a9f2b8d82b16cf7101e0c418df0b95c0db5fa820294a5ee58dd82acbea756f2ab98c6d37088ea862568cf0b7b99ded7442d6458f034c208c8a5ed98cf10bf99b0bc1a9abfd4c99711d7809d0916269dc4095e2f51a7b98580bb96e66186c71ee5d1e5999378b8291fd4b8ec872eee615035ee5c052fdc727fa9636f84ea853c2e398eaf89bd6a754aaad8d5cb12f6399a0a682162a8f1323d8235caf2cf6073d40f2ba40cfff0064b710476bc020a505c6dcee3bebc032a49adc681653a99739eae250e4b9416ca456f7d3fda0818cd75365ecc6715141eb20388a38b94d16e5017a850b6eaa051171b62622326bee25a325dfa3895aa5eb32e1a01498302636bc47b48ccd7c444c342a1006f67e65192828e89904027cb116f7550d132454a6c080565983de18096db143bc42cf96a5bedb8f056a391fe20257ec9cc0f6c49944b54ad3994c21d9a9cd92c7b656fa4b4562cb9ca60b8d4532c06dac2138699c4bb203a8331ad451eee633dd35cc4b94bf1518507d11860ce2d8fe12217a3daca3f763880e474ea25ff013d09e22d800ff00112b4d72651efa1e0f3ea23a94345c11422bb85e074dc37f3014e8ba88a790d430c3c51b3f504da0a729a94666c8748aa563989c37db1d6f302840065fa20b59d9cc501bda889280a96ca5314578196be572dcc7b97fb9b343375322ae39a87eb05bd3351d995938990173dc6d062d99b03ea5104b5e662e4e7e62408a66e5ac980793315b9c28ed5a9583b953e296c77135885e807dcdb7ccbbdee308b6b31ab6ca855330984e9f7293b96df5015c2f098a873663576c101703ee057336ff00b8039769559e7cee52d0559f0bfc0812dcb104ad6ac8655c186f27999c0b5e6364f2d75173428f1339383304d1db157ecfb97aab5c9c45dc7f89d04e8941bc1dc046f3ea614c3359d7f1157ed294bc61a9ff00e811075e53ba9b0c9c5da7cc5046f839e581cb3b669728b7582e159aed551b1190daf730aac1fa4fd67132745d020c4f9a6c14772a9abae1876aaacc2f3441c17ea5896f2992b50d069cfb956ada030a27cb3ea215f052f503537df72920fb4e2ea4486f3a836b754c68b26bf998c9dc7c38a0749c4386158d4b095f506394b9c455150ee36e841d3c0e3d75e0fdc7ec97a9c4ed2e0317c45ea33923d055b34d3db055d430d2a1e7182e28e52e0c220281ee329ba34f8389ab05abe67f38b281917f107261c40b8683352e91838f5350c2a2140368af6625e36cacfb801e831d994f056dee68d592b7b740e4e62c972ae63807b970745ccd5e847543d9ed8b60d28976b35baea38655570a977155c244f05cac7064a85eef12597d591a4099dac1817c9828078310531ae87500c30a690b6dd63896170699d1f4c12c03f44d3c16aa515c8c90613bcb2ec7c4e106d86c3b60d1ced1f0b288440ba5433b7533297c8952a1a86625e85254cec8501a9fffda000c0301000200030000001031247df2f4ba4ab4fa79638499be32d54c26be6f88468b8205737b1babe9e32b0da20eceba8f27009de607275ace13fbeca54543247549c03373f7e20321318ab50293f7ad99d523ae7e8a8fb578791fec5e365e540a66ac73303caa821fabf7725222891dca58b82e6fd68415d3f43d34e635e1c69d360c97b3967b705930d034141069f63cfca5c463c186c9195338d05eccb4b46ff8953e2ff7dbd1139e67b9db1b58fe3315a8b24db6659768ff00b67596f267c6d42ddecc85f3d460d3ea589ee8f688344d507fc09aa80df682d52ce1c16540c99f01a2f855e2273e26bb0e35806ad316de87083d80ce767d82af58481ff2ef0f522a23ce4a9013c44fa9c715fa2ab45aa03bf0386a79aa365f8db096184267ca86a7f28dbc8303192141100762a9101480b9c14eaee6c85f088ec7572a2baef0c2af4aae7e1533e3b2b562ad19a9291dbb06eb372e3f45976c9cf70a5bf03bcad9ea8c62de98a6027a6bc92201a1d7a760dfe906bab975f2ba6974135cb72366dbf2b637e12ddd94ee3a3b15a5b1a9cfe4c09b4786f9cebe5a5059e9853630431348ad0e513cd0e5ef10e4270e4fa0ec571ddcac7bf2c4d40fea0cf2cd730142f3ebb097f878950f9531371abf9f788f8cb07c066bdb12dc7e33b5eaba9f05a45064ec7fd3853afb36633dc92387c011815ea0dc996893a81e6c72f8741e05b6d01e56af556f905ef2258f230d196d98dba1f8c6deefb3926662b868f8d9bc267bbdc5a4ea77edeea4eb73ddefa535a8cedeecc87d0b00fc662bef4bd4713e170690a6dab8f725b60dc8493d8f25fc8c3a8f201b0ff1aac01f2b1e2f062ec43607ca817db5662de9ed4ca23a72b5491b197e09ec92a56032d79e300fee9cd40fc634ccd53a3de8268aa8e2e0b44d94bb4e3a8ced9ba7fb99e29f65d97dcc878c9ede410fefe0d988b115d046929006949eb6b8af8d6ca9105483358362e1a0a4bac34417f9384057d3abcde57e55350191a0c319e94b5150e1a969bb278bbf8d3cc7ea3e0963722dcc5d3200bb27843eb225ab70579d20c12694859b5dcf7dd682815650e598f2e5696029efc5a369f71d4ea0555912e8670ee7b4ec02d3fed8ae06c98bae86dbdae353affdd1ad6b1608ea16818c023a514437f12c5fc33be8fd555447e4bc7fbcdce153a02e741c7be995f3141ccc7ecf89a43f4e5e40cbed897b560f162df5a120a6241d1a67f430cfcc650e11e906556f4685069a6db862181f7858787d966919fa2884ea399a95f58948a8bbd6c6feb3d57abaa14ef75b9c44ae85079ad52142bcc1693032a5134af073467d539fd975b6b66e6a88af676a5feef859953048ef5d24170c9b48acfc6470db3f5641507ece25c396bcf6f9d89fe3616d1b271ddcbe35b3a6904986e0dfee5d52736e0007c70064ebe36f9042349579019888961191114b1e9daf21465a0c587b586cbc16363185bfa0e435c319f7b2bca7c6a425f0b408bd4b2749221d4c9d93b9ba7ce38fa67592bccb08d5f013986e4c8bd72cd8feaa2001361d90625a2af636de40393c45577e1e7889e0bf41d6bbb2221b5f0c1042b4085309f54e1cdc196091aa3b31b7b9b09fe73da70641cbb64d55ced7c427c1bb8c3dcdf4f114720270b4a41211e09a502a7942ac59269d90e3a302a82de7a4bddc58a192455d47603ad7185a1666fc4a55007d36caff00c141cabac3ce6af2b5f706844e0105bc52efa086164149e2a8f07539f400a738c61b7e5ff92bd55fac1a3e6145fe110e4221e995c6a9e89fb361c0dcc7e38d730e30dc0263d5d16d5870e92463dbf0960978689bc7a68569f07db465c7436c797e15480cd760ae606753c1cfd815deee25f377d226439f4ac0eec21197c5f86487bc128ae4b97dba85a4e28456bf1bcd8778a173d4b2551db15be972f30fcceea325c3e6cd95b7b4516ab835b38f054eb93042b0d7dc630112ace71a2044d3e41ede48100ac4caa20de9fb6c10edee0cff0032c6805a4994705a5d74f49b0d9432b229dd20a0c3f2234061faef06e028d4667985693469d60c75bc58efbe2b08ee6a981b41801effc40021110101010003010101010101010100000001001110213141205161307181a1ffda0008010301013f10e5b7f36f1e50ec790ae0490bbf6d5c479d7708d8f765e339d6da430e3b6dbce71ecdea124476bb1e3ae107ac8fd902ff0004a18c5965e57cf255d1b3c87b13aeb0230445f13d127f203fb38583ddf3f5ed2f761d43a89d6ca5e89794fb2af191c9c79df122671d9dddac26df717c24e7537646ad8d4d67b3f5837e5d9a576f2f077183ac27d94f5903e1c3beb0a2e3bbb0d9abdd9fb3838f2be389da17465e597f762e107dbb195f259dc913ea8deec8c7db6f595b08e210e65a9b9dc81c68c2c997ad2f3b7818210eb7cb392382f091d6dbaf2d03903d2c13b3ea0c265131632a86f251abae201f858e8c2052d768d37807dcb10994b0616b565afe7128631f80e4bc2799d47cd980c98ca1b66b64c3c84e3d47483edd91ed9c6c357d988160df54f40b7c8ea5af272c948cbaf7e08eb83862ecf3b7846f52966ee96ed99e0b2764ff002b19060f9791ee4e24fe5bbb8b0bd36e8db6e03c97dc3a084489ac9dde3098db25436f3b7838781ef9f979cf9206349540b34604f076eecc6ede5b9eb1cce880f7f1d2c8c9338e1027b68eaf765d720a9b0064a707e3fae367cbce7c9772ec3a227c872ff52132bbac2cfd482e93c0d9d4b1b77edb6ff881e994638f922f6cfce161ada34e378db7f4f978f036260f740184392c62cc21daf46010f896f84120bd583ab1eb61512c3a52f1b926689f3fd8610ddcc830f7f43c2c6de173b9749f23ed535dfb333abb88859be496fc5bf563c16adbd8b80d2ec8476eb3b82d6d9fadb073a9cc17fe70360efb3f64bb9b61bd59027076c331b2ad196cc1b4fede9bc36de3687f6cd0d63cb316d2de3e47f61a46045591d293777a90ee386830ae77f030673e12361208c4664d030a8baa3583ef69aa35bb03b3e40019b778f4848878005d8ba192eee98668eca4db2f0e16a07dbeff0092d0643edb1d44ceee8ebfe1bc8e32dc01fdbb215df20245812c846e23b3a4933ab60c76e4559e451259dc2dd6f0ba3270af2b074eed6041874243e593e5d8b2cb1b0b56ad58eecb1c2665a1bdf3c90fcdeb028f49753a8fe5b275dd9c9b31475776946e6da95bba51ef8d0e10ac6623fdff00f211d81c30f6d80b6f3bf9cfc3b50212cf6d853abba72c6fb3a5ea8c0f636d782eac0c21c2f597756ce9923c60caae7d641cc6d4eaef80be4ff19cd9ff00e5bcedf381b6de7bf157100fb7bbc9c8d2ea0e77c01e0605e23d5af920f92b087bbb32caee4ddc950cbc41d43be20dce0e0fdedeb304b7fefc87669718d03cb299acf7751675c1d98c1ba4239cc95cc40ea0817d94e41d14b44d601cc416b7be5ff812ed3bd490f251272c3b6380b0f2106f44e10b658491f77acac27d3e9297e20537900f1b4617b1387aeec1796dfd10de90bafc8b7163c2bf8ccd3746d89380cbb30bff0042000ba40c27749d72abac3b91e2333760627a8851fd6dbc92f96bf96c1fa385edb133efc2bfda53903d92e3c86dbbb0110d93ed898f66f4b4c3fb7f8973db3404b4cafb1e4b966cec7f2b3f4bea23e12c753bf8c8fc85f21ff38759621610ddf7dc20cbc4e6e8cbd4fe0d918052753969db23ee3bec19d4e6ac0bbb09d4663cb503277e5ddb6d9c68f1bfd60657d243d97c4ee715f665ff00b10b0826af6f64b36210e89afd0b3f6f8131a8100f65e106b260b168d85e2dec6c3198ff0080cac5f200616fafb2ead8ea5bc59dc3e691016de436802d34f4c400082f767db17b4f5ea369b4622c75b764129f8cfc659c175a4388f8a1f4788027562ea7385e25bb3695b1cec904cecd48c99968f11fd60466c99d48d8518e3d4369f7823f4f615d9811ad998c95d928012dd786e596cc758041752f05bc6162c5ff00a87b2434f2cb1999147ec6b6697b5ccfeb306d9336f6cde04cb5b3861acc422f8974c87059f93b4bc3ab2c59f8cb2cbdcdf1a6e0cc872d0c8fd2f27dfe4043eccc3792ff002f619db03a5a703db81e88dd5b6e725efe4964167023ad8264c42525369919eeae205ad7b6ff00e57b3376656c822ced3a399fcb79b68cef311af78f0e6db6de0b6ea7edf2dbfc46e2dcbcdec64e164f56714869a5b0ecc76e075c65a88ede2d25d7032ed96fe7060c4f9c77f3b91a3ab4f67fe180616c5910ad5749359629042eef97a860b3ea3c25a678c88f505ba2706fd89c5de3bdf3f04b11e845de38744b6417fedbbdb22d56f1ed0ea2ee6bef2f9310c67265dfe8dbb59dd93b9128eceb9408f20b0ed956b0f8e160c82506b2b1bb2f3d8c8671973c123a9243b006bac8f62cb2f247bf8c9126f0ef88b0703f10679c6f071e24a7cef3f293659fe842eac83c66b55b6f0cf07b664719c2ccf192e3f1bfde36f96f07961e5eb026364cf500c3a7e1893424fb727b670af21c07e1b666ecbb777febf3f32ce4c83b84fea773c393cb607277e9f959764b20e32f2c5b12c1331ef8cd1fde720cb65d8dd52457dad6d9f73cb76ecb56db6d99fcecbc1e71f63cc992f19b22f2b7be4b0c884eec9eafcfa9e0e01367e36ddfcbc06f0f2ccf039a397d84d5209e6dfd7b9fc09e0267fcb58658e7de0e18e1999b386c46bedd39be058d8cfe3d5bc32ec3c24719c7d9fc6dbcbcb7bc9f601ddd27666a01d4a3d92c2f27f1eb978ce1e378c938ce58fcbc1d38137aade71aca41b73e097f4487bc7a8e12797f4c644fedbef1eaf384e0326d86261bfc4e9ef725f210c44bff000d38ce378c8b39780b27db25c7f39c64fb0e4064191f97afdbff002092d9e497a9978c7cb39f9f86d6db57afdb31f96db65df0b8260de19f796c1b1f3f29ca71d5e5fc673bf879f5c369c07532def19365909c703f8cb2f7ff0024fd86cbd8b395e0ea4e5e52c26339f2ce49839c3c9fa7f18c1b025b13d2d9f819e1b2cb36c92c9df9285dc4dd60effd30fc6adb0b6703d8b2c9eacdf247b6ffc40020110101010003010101010101010000000001001110213141205161713081ffda0008010201013f109fcede473f388bae560aac3047a96845addc94915bfe5a77760e326f6ddba4e3da0075cec1b674ee345ac926772758e72479123e4cf6fe8d8b72f9c65d36db074480b6677609bd4f0807561b99eb62cb5646cc2d0c214036eb30936cff003933a77195f09ec9766e8021fa81f203e403c3818bca79e95e18c65c2449841bd4cf2d1a593b6f324273d2f7e40ab27480315d70b5674f081e9903d5c977b67a76c04371be05d7600e1fc16de1c65f38033781a2bbb65ac783e082fa93651d3627646102f6c37d3b234c27e09a3e757688035b426addea1996f562124c5ef1935481f641df53059392cbcb9f9778d372d480464523af7c5b764c4ee3b6c6cbf643b2dfb0374c4c094724bb5d1dfbb54526431c1f7ab460eb7a89167b069c8fb307edd91f8d9f7ce701b51743b05d65c6f1017a5f7a95ff00781e64ee7bf76849e6f51aeaea05e392fe25c9d5dce43ad7263eda228b5a583c37fc838382cbd11e5b6f1041db13d7675d583bf73e06fecb47624967b83b8e0df8c1e605f5783ec0c0ce8cd87b825fb6fa608d508f2c353f9d2051940c863f1ec8b385038f041e9b0aadb626179716f5c0c44d86bb13083bed1d384d750222482432005b3cec4ba0b6ed8f31643f8f67e084751ea0ecc633338c5d844e0ea4fa8a11308193db901d21f448fa11750b6069646736d5b39782de48e7d727200e331b49760b2c9be2dd8fbc495c33c87a308f64e25eaef98bd5e6c8387976e8615da0747903993e4f1dcb6bd1c070473ea39f489234757fcf9ceec84349c7ce63306131e0be89a16e9ba2d058eca7c21e7921c9ee65769e0cccd843781c11cfabe45a73fde212745e9b90bdb491f92af08607d2ff004479fcba403c9a9e0b4ccb727e2e950d30ec49dc268b018fec3305e204201db0739f91df056168ff00c40bdf6d9e46132c33c2c1d091ce960f67ee803bba738ca66a5305b7788c73bb449322e1c81f63846ee8dbb1b010975c9ecb44ff002d1ece4e0fc3c383a5ab276308e3c9bcf8deaee8d829db0b4643765d3e420394b3db6ee98a210e8bd633b16ac94e23a5b6ed67c2c77646cd9feadfe680fe56e1178827c819e0214e10fdcfe4945f615cfed97ee307497464e32c105fe252ad2219c0ba18430bfa7876dca12e88217427b1c7b4d786232cfc65961623ae1ec8a16075a8bc96bd19025789f8d618e891fcbfd6ef2eb764bf6eacfe586db17703dd93d3b8628c62142b46c87575e5e61c76f499d97e020c8b23ab2cb327d3fe4bd32108ba400df93dea4e47f9010a2025b63d8c404973b812e936cfe487fe2276b12eb63bbc5e671beac1dfe89396f2ff00976191a10644b3bc2577b3a82de16dbbb22ea3a8319a4c1b0ebb7768b8c0b58f59b00e8b6c3a8c85ef833f413c65ec3ab1995bac24e21ff247ec72e85bcadb9108889c5b1cd38090ec9dc26f2107494f2ec9ef92c591d8d3de338cfce4cded4e22020c8e1d2e9e0f396c87f6c484ea13bb288ee447bb0317d4bab076c4b893ba7585e14fb65b785e0303e771c1f9663a442538671c1e4b4c788879c8bc246f73dba908ecd5ccbd25907520f61d85beecd3a7524d1758ace5ef0b7fa255dd7f7b7de6c590bd48074df01087496edaf3c6ec00cc8e27051c04727b04ba998319bec672c49c93d192aca30799d5b1a4a3017b3b365ece1d31874f19672a7a7023e02fa29c17dbdd49400fb251c24c73b17d97f2ff006eeac7cbbf6d9f48c7960beeb4167ada18984bc383abb866dc8e778cfc75f6ec8ba7b69017486475c05b0c1be5993edbbc6a95bddf1b6a696836e48d9b7685b618143db1171a859a9007b74dab6de73f26afdbb55a58f1b44ff12c929388b63129bb45ff002e9963fca2c32c3d200c19d6ece4770cf217791a3767f6dc65e8176215927272df2f113dc6099729fb5a96dfc112957f09eb7ff6b3b0b0b8e4f6ff000b4ea6769c839f6c7c6ca27f1bc6015bd1f726a6d09bf5241b621a12631d4ade72dbcc3076f103467077df19cf5d224133b8614b519c67e36d08f4ec9deceac25f2ed3e5a0be5916e5b0bced42f316302f2301de7f0d913c7932397a7e365c162fa122d3dc60c02c0967306cdf8ff90030b1c3ec32ff00539c16db2ed318de787ce23fac475e92487263dbc79cb38316f05f697bb5157b69630c48c1b795c9f01254ff0026ea1c4b782eaecc2eb210cba72c312b63c4b28697a25d177c6706cba7b10e48697675bfade41b664f60bb436414c15f0756f5c1ec10dda7526d61c20c8e1ea6ff008801edd3cb77d2ecc32ff4c94b3d59cb0519e8665edd98e1edfc24cae40e087385d72e9332666f96c5810eb7fcdfede0702385d4258e9871b6cbfbc31a218d9db9e90ea77ecd03780b2dc04418487241a33e8f0166d7f130fd61ba6da4f1628ea1d4791cf68c25ee598b7db6496bed8413eef2679ec1103210415880fa5f37f24f3db70b5bc19bc3b36d818219c1c0892656ce21f882088f76e845a67643bc83a88111dc1ddfd2f259d968df7106f5751f9dea01a84eb25b0b221b045e1318b77b09f6e883608be4b4836354f2c8220e18432ff653075fd8a13bfeaf3ddb6bf3e364b7b802648f88eb624ed2f816ddd8bc2f57441b6e41dbb104386866700888ff006733499f480c3ae4743f80d4b7837a704fe5bc641913236c89037d87bb6516f718d97976eac4ea21f067e47afc7665dc7936d9a72ce0fc1c32136c756ef9163751c01d5e227e91deec75d707edcba13299885931c1d5b236f7b6f0756f1eaf2ed6c791ddf2f33cbfb87f613b5b6c477cfaf24745b0e5e930c4d3f5ded9cef24bc5652be777f2509c823a60df8ba97bbac5c6db81e0f913992703d7396db1c131270f1f62f92d9f05e3167184ff00110d3dbb0578ba37a4e1c7919e3c70d964bb92cb63f42cbe70390ff78c8b2cbb5d927d2f52cba8ef74272f792781486d8bab33b970622790dd4cbbc7abe4e7ab7bbccbc125e03c37b25a654224bd8f38cfc9c6475c96d9368b516913d5eaf57898ea3fb7bc8af63f3e40f22db381e0e4e75e3017578865616deef1c1119b5f63be7626dbc32eb9279218e0b387be32f336c590bb476c7a8e37be4eddd01ffc1f4f24bc9c6c45bc96dd1d4ce0adab8cbb1070d87783a8b22310ceec96fe51b9c9c6c4739116f033d12e07542ad2cf88e04ad878d886231e5d3036cf07a64989c1c311c9f9d976124ba48751ef15a43d4412876da997ffc400271001000202020202020301010101000000010011213141516171108191a1b1c1d1f0e1f120ffda0008010100013f10df3f07c3ff00eee5fc806f8c5c45cfc0cb8b34ea26ad663b0e6f9cc44a450c9ee760fce73387a97f899463c2a66ed3d37290f2854fdd4ba2dd17137dac4a9b7ef60479798b83ea5e1a16018e6aa2aea4357f884e974ba7b859d8526b109e22834112cc7d4add54b28a18d0b71370d5d443676ee79457302c5daa9bb84a2e33aa8d5e1174ea70c3c3bfa9926970841e1e97b6392a0eaf32a34eb15503ee658806f2dc1a381cce62c5c0021e24186bff00c342db9867bf9ab2fb68e205b07997140b71ee325036b82303c0d2fe900ac8aac7f32b7af26a0e80b5f36f31842366a1b3b4282d9482969ebe6e32a108ff00f9b9643d4c7a3697dfc2d18666373f8269ce195057b9640f40ff00b2ba8fcabf441da1f63f2cb3f1bfe306570c8a5bfb9a99e8af856916d62e250ab8018c4d4b8d576c643e03c3a26305d1f476c52ab6716d466cdb5820c527655c4342da825598e82d5d5fe713335855bf94b4728d665f57026ad76d1fc43c57d209fcc4813cef4bae3102f765fe4c08537144a868ec08c43698aa9a31589495533e10a753a8c63f9cb6634e5e620139f87246886f4c4142ee378af8b6a15da4cf513ef2c93894aa54012fb218ae5b5603b6ae5120f236b9613f42aaa08020ed956c78c1089458a0450dadc2888343444a6ec0cb752f47151ee56d52ab6648d356dfff00b2e37f167fc4f704d27ea1d626b110172ce2c9f598aa09574076fb97897e20fc997ac4148fe2542f9d4ba0a1c3c435d4ac017e1d2591fc530b804736cc58b18ee1a2ece8189a28359cf70d4b374c0ddd4334212c2140601d6229bf395b5f995d164d1b661efc731f616c97b8b365528d54d5a0214a02a1ce63017dc06714ce372f04c752ca88d274ccc169c01dcbbb17b3cc1187436c765951d3db825a289db0a60eab69fcc29022960cb6edc82ff8834e71889651393844b2a38d0e9ea352c5764005057ac7c567e388a98c9ca21a2c47aa01cb52f2ba4c30952f81d101aeee5465d2e799433551102ac5be26e595dc205ea5bc7e6540b6a282dc7b6a0ee13a6560f6c1683b7869d4b181e6f63745bff399ce87053f89bb6ed189ce5feccddc57b8ea2c22b72d15bf5164f3cca5bee545105fe71a8d02e8371ee9e760a9805962d1287b2ff811d5b6a230b6b2a54100134cacdf6f504840a2886be14f307170cb59e27ea5296c0ec8ab2ad9810859416706e7fd0211ccdb5a259a46b37a414da62cc021c50a5bf11b44560080a277676d738b829a66567f151ed74d7bf9620b966951aff6b20fa969793f960b9a154213069b3b9b82aec81a514f08f052c3f172a95e7e7f333f0c30a1f7489917b0e11cae8725ddb166b4a7700341c043915f0f71ed3050a625226eb52fc9294d1e62d263217f2852d2f83fc4b2c9752bc3ab422d8f3eb09b53715c74d870b8f5bfbab1b3aafd468dcdb0151aae5ea5917c5195f1171b8ee5cfbc4194eea627cb3112dbb8c0f8e4aa81c12b9b7f28000790449b592bd5c2c128f1e62f906aa367c514108b8805b82580dbcb2bc89abc5c6d4636949318e4561ab2256287091a7b85aa05a62a09e0be60ac33a6f51bf1c01947b5c73694e7ee50354b4888bc4e90fee270538a315115140a3fb44920d56fee188a6ac20bdde0798b15e31863da1469b2ae5912ba56a1932f977195a5afe6548be75088a1d1a96513add8236d8af083b0a3a6e1c97f40fcc0c0baf5de0306eb2ff25ee3c5d9f983e17db44b23f215fa8ec06b154c6a788914ccb18f2402e5eb5de0b9674250add11529cb7ddc562ca69c4130bc2205b62a03a810602b3157697d5fe65dee7152e5dbf1ee2c63c41bbbc54bcc676473994ae789766a0f71f919dc569c45292aa33b76a20e25521c92e5e22c25cbc42ae4fea09cb9836a274114e44ff5095859a5da7dcb6288ab67f91418c6ae8f3fe4fa120c623648c0de6cf3333afa03f9c71335f1d44bc1bd544a50b3ce7b97d900e594232b7c999c2ef8ea32acb7dc6a7298c6e0e6b34dcd6eebdca95d90492d5557139f55a8d153b43832db0f379afa9684bc8fe62333eb1c4aa0d6b01529bcfdac2b18763eae6e62f92282b59c551695186e6a26658ecaaf51b8359ef3296d61a954405b2938c4362070118093d4afb848a17d4f26acccc4d2f0c57362b9b20bd011a6d81b0e9da1232be2895a942f6c5bd91a211f959745971d45ea2b2e2c623b3ea118e65259dcb3b9965d4b890c6222bea50330f2e3c44b44baa86d688f470f444bbc4ccad1049365e38864399b40deaeae3b04fac1ed9f8520d7e62add16614baaa88eeea4e3b459436e4afc4a63ead3d2011c733ac730495a0d8efd9cc5f1b0ace17c413b500960f0cf7b339f3987041ca6a51002b786a3540b82294cdbc532835151c302c00f7147efc784de1f03b7960edb3b15fea0888bab1ea25bb915a62b02f178fcc315ddb429082b9d8f10ad86b7320d165a80e3a5dae252d1ca86685d6a3b34ae4d46c3d986aa88c814964545d2f8998c20a30b62d59579804d931f3da0608cd1ca58643147533fa45aa444d003cc1346043432e019b297895c2a8ac87b2ae56973090bdcc9dcc398fcbf271a8c63123af848aa17f32e5d7106f88f84c97af8ae9648eb1549505f36350018766189803cc4c155321dc02ae36af1e235cb621098ca1b03c1f701a2dede2eb94049a3783e931a376bc9efa09759b8efbe5f5055cacdcb1a6c709bd6a042de15dce994c590b47537414bb311b07043481d8eb82d7f32b116d1751d89966db75001cbc2da79a95c28f081c967c15327562a5ffd3611831546a60607532405550e8c22429b5863d5ba002dff00e444868b14930c82b7cc49c705c5082ea2984b5264d50b3f156b1c986e691ba639b688a828f178c9c266ca8a13d2d2810821e08110f1683702b3d2b72f11616efa99129a16a07cc269590d4fe6328f211faa859a67918955a12b67dc62e0306d85ac6982510fb041f72a60a5d3104aa7771045dd895d9515ebe17a8b32fe2e6e3a9cec41f132711d4311d11fe93fe9751849464c2bf32969bad436a7932ebb366312e78771a69c3446267cce5ea5c5b6d7da56a0d4ba7a772d35af2e15b40e0538f278633d6434787cf0fa964bc7b2c85a928d24dc85aae6134d665848cf6750c5934d435477039ac4c4362cecf12c20f06b4f7dc6519c5ace7b21e75ec2cfdcb0b0cde73101111ab2db065626abb4c3b7b1ba8b06ed3058095dc2d087626251c8d2066105eba2c4093a2ab1392b4186bc47874b1997cc145b09375a0b5fd25ac35a054fdc5166d0550edea128011c070c97098ca73846e213edb593cdb14a8afb3ea056802aa5773894296c30471b50282e96e628ef282f0054a2be4882054facf106f5ee7d4028771420f68f5b24e476ce21968c2e3ebc70860b741583f3312e051885d45b9a5135a9b4bc5c6ee2a277718277371d887ff81ee7f14c7cd1b4738988b6d2dd4c387c92c0d0e7adc0c95e0a85ee055312b311ca3b9a05c32d9bfb46009a60a7984c02587718f16e663669d1009d4a88e48e058dd0ca62d3588c38379b38802721cc39ee850447b95aaa7cc0b866812d895d5ca754fad90f59878958bbe41cdcbe0cdb0fee15b934aa48206b6e031d5bf2ff0060d95176efff00260628bb1840a8f294ae23b3f331a22da188754bf17f51d9b67e60c82abced0e246547e9e3c4d2f95d18cc43a352e671dc6eb544605c32ad6cc01ba9a4d14aba96b297e6e214d28ddcbd31d710853990659ee387309539de657286d771d650a53230973ab53dc00bdb859f954b86a54b77f73b11b407f30f0880f6dc332be5135d3af01a08490651cbede60b050500755fdcbe502802822751dce23a8e7e49e229c4ae306b9f8bf32e5c79fa898bd7f12ebf52d62ee973b86a8c061875cb04e2e578ec11ba95540bd6e2d619c572209d8af270c302984ab3cc60929b1f513785eecbbc4b4092bece2172012ff7a84ba673a751c06575119c23d251933fc2502e31e6014563985cf070ca955de48db3858e2c4efdc6352a73dc2714cee2e28df93700ae87a498720350c59710b14de23692e18b882f0055a645cdd2414d05e521189384bd12dc083c1c4c3384a2303eb7887daa2de31591755b4c51c1f798da99220805e076cd9ac81887566cb8c798fe90702f80cc190c8851283b5aff003132f18142df198dd0e80ac1e29ccb56a52edd2a0b11b18f7c2e75a1022829e0ea5ab63ea602017dcbc18f716f64c66006f3334b8b989516e244880cd731c0e255bd9388cb8cf5b8f2e61a538c65d65ac4bc2a344aa80ac18e5638448436a12aa2d32c0a081e6166ab597b85351f43ee3af53216da1ee1ea2b698a886c9eb1771aa65a8ecc0a289bc7115495733c346e5e85abfa950b1ca5acff00aa6786dc902aeb0603cccc3c08c2b51a728f1fbbb62ca8b453a20770e98dadf6fb9bbe480da03be616259fd401289acc6c15663dc8ee175c74b1c2c8c90b5554320b29f76569119b835101b4cacdfc41425962d8a574501cbdc0c13905164b228e68dc65850251f432b38b6cdeff002c06c1f0165ed82f369722748ae62f2d8eb266adac3b80fa39b5b2b476dd7c4403ae9d602ed1a8a82b54e8ff0062bdf1c9682682532a226fe1f863bdc50e6e2cdc74cbb8ac8c82b37ccb09d477f17f8f8e5c711d1bcb48b3f444b3c82981a2e130de182254c19622a3a79c5e4b85e18087983c47bb01ca4d9d466466b1771812c941b5fa880e633d9f32fb8182bfb8eddaf9234036a5916590f1d4268b9c08ad6bdc4ae76c36bd3688f665390c333069a2c20ae3372951452e3bea05a27bee52de1be63b47f2ea507ec4249113b0293719261e25e8d0256484cdb09a55777986e69704ab70bb712d45ac25b15814c512a8c1cd3895616add0884356e5620801b9447444934db505924c157e23902b718e7b888ba9fc4c09031b94245ae52d1471a97f460c545746bb3194f359f102150b439f709ef1ba666a0df9b965dcb9bd3733d4f24b8a2e771299b8a98b32dc00d41cc5826e36b2c3cce65e67ea72cb41e07dc4e7e12ae714188c5181cc0185e89500ab299c401714294c129c09b9716d6cd4670a72f529a0d72b0a8c564be4efd443d0653ec41815ed8ec2392554e0c54542baa8c041a2325b11062da46cc529e52a05c06fc454614c1fc5cd152b3c2546d036c9d31503c2274ddb5172ee28a1bd6370f01133035e086515fb95205378d453b2b610632f2fe72d650d03ce7cc09c0ab5134577b41e914e3820174ee3cc64a037a1461e3295cc20b5e6ae5836d59c4bd15d76798fb801a731b2c66da2aa89a25c135ce0532e63e183bd0c645be05b6481895d08e25b2a1a0dca58506e8d4f204e52e2d16acc2d388ea3c57c8da6732ae231cc351711de11d6be171dc272fa99959a4193d12b170655d42232586c95d93412cb46a081abd2877a2eb71289e5995dca9e060d93c92aa1d4c46c1a79678c0ac4df66b9817c661b52b328e6a5c35880b06305e670991c4104bb5a60b6d1599658574c02bca234d19c6a0a83608f5304aa28be0bb8caa365b342ee0ac3b951fe119a683d421c8388a6f715e72ab40bbb8595e0d3dc06557598382158bb8ea1edc34d40b28bc193f32bf48c06e7100d8e4a96253d090a188225c0e45bdb8db1576b519098856fccb80d68023eb7b2832a442b3c4a896966e02bba882d817771ae16f198140e1aa61350619d1010214050992aee32ccbe6c836d7a8cacb7a8f6c7c11806243a5662a3334532b3f115a858798a9c4bce7e0a7b9a4505547ccb83f1796205e91adb583500b1949b0616edab87612b68d90d0a050108a8bb9570080c4b6f0478ca30562a063df71343cca2ed1cac692c712d0ff00ed360d5b47b9c4d3f701b2d622b6d8c798831aa6bc258d8c8f310d50cfe110dd1f271d7e6135c271d454606f706916db96706185d2379bb945a02d8e42ba750861b4df10b354cec96cc1eda80da027e22538c64ea6528def52e2e06ff32970327b629aae062049718cc6c8216eb11b4b041c7dc31256ac661dd618119204b74d94c4821d1c25f2e99f3110043dc7b6da6e22b6b627811ba252ad9752bcd86e2e2e74aba8305b0d698521aa2b529b8ad18a85d5250688fae9a062e2dc5994e11751d45cc56465c5b8e6f107c32e3b7d4bd4c0a0f06208082eae5b0c7980b49a14e082a1af643a04f1515e6202dd446e3478c75bab815b589548d51b32d338881712f6c7159cc4760ccf6c34d5629b8b56b91973bd218f1285b381d4d2c2bef111220367e751ab6d037c9c7e22aa992af7d90d6a5b83733321e20101aaee690a9b8905c3ba8740eca65650e4583803c5330cd817abe233ac3aa942db2a8e2192aedd400e1d64b4397661b6e1621c95c4246a1d9711a4394064cc36a645332a039e48d117b452a03aa36298880ff18b46cc7f7101a8a558a988b0a8da598e92adc3d42dc9d18bb2ba21fa8410776e2123163cfc3308b18fbf9398b997314c35f06f908fc3b7d4bb975058a18774d42730c799af8f4934b8708608ea74eae1e15966f9870b50db3162d2472d4a1d404bfd4bf234c7144fb21d69795569e23a62e2dee598ac0cc143aa6a542502ad2eeb5b1d43474dbc662019dc4c76238160799440e6b960809759170e1ed71a585ab8f0ed67337a9b14d45ec0cc0e509b2e1a8a890b2ec41f5498d300282a4a23850bad24be01ba02a0065deee08beb79ccc6d7b35912fbc15b0684a6db42e84da96a4bff00a250ca15a09d84d1a2c940d2db5154c8ab0d41793502abb1a2a69c58c1a40c53998e5c03b8d6e639666a634fc62be2c588b98c71163f18abd545a20f98d31dcba9cfa45fbc8429e92c0ab3718a929fc45092bcda84d1c41aa63880cac12a8534d3988ad6c389d40eba80b799913ca153170c2a0a540e918abd2286ff0013f006fee2142c733bf77b3a83599e13a85744a5f378b23c8a5b55d1fee280bda7157113a0328c914d2b183b98600f0e2e24b645c4b2caa7b8aeacd6e6ee0f112e07d41efb9f3053b58b3a9cd1e6b69a46eacb212943754315ac747a97382356f3185103f8470b4b0a98522ff420d10898e0841a250db88802a5df53088871dc09e9b080be430ae0ee2c42f2437b8988045a4c916694517c47076b56f3e2037c18f12d82d502b2f8b22d935f8213c61999448cb9b2e2f10f85cc772eefd4a2e85f851a068c18e423df705599738ccb7251877d4f1ba2514c351626bc1c12853b959b86a062e366a0841312d2c3a818d5c71bdcf51e90e94dc4c65b7a7d3c44ba41a2f64444ab70ee6ae861a8276c320472b2c1efed1c6b3f822d4f1f351b010df6751ab5075aa80d8b13961376f12a8518814b39e91161499a8601c8cc6126865c41602cbc20ef0c5b006b486e296b866792f246cb98303aa396a090397022cc8c766562c726988a41d7910b524682cbd54551964b2c0aa23a32f4583078d3610c88b4da5b4c5517a20cda96a15f1812e9886328b7c54b62c448a89977bf866d199fe48b097f3db2a966330f040eae6324399d8e612e5f2fedf445c90cb09b1682fe530821ca7889ac1da6999607888a8182a8261a8169b7a23a64884d4366a12c0ed8996f09a96085796230ae8c70c31479b836c40d38501e3d42b80f683d0f5008d8fe50fb480d5c9a840ae372e6c2e03181d42a005e14887bb7ccaeb69155b5e194894d06d881e270622a4238adc071e20d40d0ce69c49ef05281826639223f44ad80970f2b71cea0ddb06d762ed006529c440a3a9719633514f4231e611b95ee0325c2b81a05c3524136f266e5c6318b8b7a8a6f51b8fc5e25f7368e27e08f316a3f0ba8aa7119f32070ee1306cf128e85ae532aa772582004a500efc3e222157de81f24b6de0163b86110287b20b59bafdc75862aca835b71ccc99e2f116aa8167dcc1aa055ebcdcaa5c29e862d49073cb2e4a9219256a578cc15b3f24aa8fa40d2150a1d172913a8156d310dce1ac0225cef508472e63d433cb9a887453d1500f1f281185adc782586cab702fc9c1c3c2bbfa813d45744ab5b76ddc69b6a6d6049f6d1b95cd87442058dab3beda6000c5cb3c91b3300f458b29f8d958ec2e16b72e9d633301652a03563898ab70808d82cacdca30d2b4992e7004b8b162e2a6a1a388a2c74cb888b886fc45ee2e6398e9fe11a8a2af8af539dc62d6f2b0a8ec8a2bee2fa9dd8fa620f5ebc7f4918590c556ff33126e6fe837154d8a9784f24286035cc50719b08ae638bd460da6c77164ad103b852ab99094b611b36837129beb6ff0072c42b5e0e7bb96d66da78bf52a80554bcfd43036b6ec877006027e2644b3a85417af8c25f2ce7e4e2280ee4d04370d344fee36c2acd32e5216fdcbdde12551d9a8d3376d312e966aae2a370378c4e31e861625014608b568baa04b4476a6fc4033bdd931ba76f38ba50cb9475c9814ca50b25bbb9892d366579cba53846c4566d72e4e22e7d66056344b86d69757a9ce9036a581216833335cbf4fea5c77f0accbe03e05088b8b88b2e2c6e7eb4c20b3ca32fcc6717899e41cd41d60e2d1bd551182068aa7b57532e5e9bbed17a214fe5096128ac68577a82c2bcbbfdcc730e7c7e752f12b84a9f75ccc781619ec60f153ae6145576cd32b714f38221e78214fa218be76f5fb9502b3ad3f719b4dcdef028e518b9646d3302183d4272745812ff00309e466ed875a803575b49e479836c36d2edbf5000d8f033098673141a5f879405cbaad0cca2392e71d404e245afe250a17ec3c10d11b8c757b8855b7425fa29cc390747a985175c40b4d62a3a0c115218ddda99a70aba94bc02598cbd5b2a63ad561bc322278da00cb74ad665cfcd3c705929b478c3d8e198c50e39824e89a052ae3047514d932b21cb4f25504038ec372b11a99af87865258b1e22c044cc5fb84b8bd7c5319adb374a0d42c473f152e9b86a3e4844966261d4fc460968133c171f282dc37d533451656ba858ab3a432d549b6650b1df1186215b0e1ec21c4a5f350d8c57008c4ec3a811f8005374efb4c3161c2ffbee046f996c7f711287540a76e236c8855983dd4b2055810f0fef3109576a5ae9f112d6d33168f6162fc730dde7aacfaff11eb2d61bf7ec6102c7203978613a55d31fa8d8533c4605c7ee71b3e16a7512d0802a69318e2561577bf502ad412119cecb51280da2ff00c98e7099c26a24a40005d0824c5da3016ef1d08d2c3503dce0e13a8b069853984063b3a8d01d0e23cd1ab66484ae3c435f85980970174e6572019a894474f2a4b020e2395a042e966ac620b403aadc51291d5e25d688b71f0cba8da2ce25e7516265cee171631446f2b9399e89772e0c1b92bb42175e9202165a0d3ffb1276ce607c3180ef14a1c14f150a46a28c61f1dc30b002234acad95676973543589916d85d46dde20c6600fcc3dd2777be820b40940d2440e2bd6ad81fadce2055e5941a1edd4e9a16589e0945f4c7ed801610de2b4cbf110f1615bc258c7233e798e5d8fe510aa58960ca6242ee1fe0c52d4196323d303ae4a5a3f12f9d76b2c3c39843f6d7632ca984059cc4d214420b795dfd40b5681bff002621cbd111ced411a3620dcb5365c45aab0e65ebee324c5a4c5299e52b11376354a2321fe88bc4352b10f6c1045d4b4ab521ca1b1a47426503061974e2db1398d012e1a255a2596858be18e80060945be0821b71255f4c08998d71d6f458125063643ba5edb501c7c37173152e65e23b8ac588c5c691b47cb1a8f089113f51b25e7af137a892b790f09502d5b6559c02abf72af581ae46a59635669318442efbc66baf30cca2c1c07315d19806ee196885e298fdc378a5230b203b778854852d32f9b877310b0712d1b247b8f17036181d9292c9c8414c3e035df3fe461e6c194b38f5153a6e6ee492f00725ae30a185e36cbb003a465b1058dc373a4a8d6732c85c3ff31202341fc41681b6b97f53617d52b6f8788036132258fdc5a1770d6e447d54b2de37e633c13cccb5f8992ddf57c44f73dc3a2ce7f1323be6654db0ca6d52ea072112a08c152e0b145a65070bec055260d3d2a8b6ca5d2b6b11e6f82b5018934162a8d8ed72f8b832ae27151659c44c1376272453fcc05666912a0c5c235f4654ca2b61cb798a612f16c4272e4aa2c4f2972fcc5e650c6d0b5159b8bd41a8ae5d4572f13122dfcc5941ccb3b8bf12f77c2622708e0b182a9d8fe63d100b77be097cf3d3b4331e97147a91ab32c3cb7b98b4c657bcc0a8a79aa71f57cf88bc62772edeb83c046c6b17381e2f7007ba1d400dbc40f926690950900a12120d63f3310052fb8782fa0f9cd4b25eab30499490b818cc8bc8710ccb05eb70af4107ace3f504e33ae412b8b1deff0088f51836b1069281e0c4e661652ff204014b5b1ec9b0d8fb10cfd402542f319c689660e1c4a0032e6134d72f3008954c65ace799577a8de0b8db6222df305855ad3b89104b2e1dc45683b3b8b90285c0414d6ba8ed2066c8c0db6b14d42b4de41a00d5b084c0aa8c154126222da305406c23b2aba62a2b9422a20d25945e09b942d9f0993b96bc4b7a67a4bb993c406f1dfc5c7389ea7945a3516f77104b1c6a3b24dfee0c588d67d90a0366630a5c4812af6e2ea5f0b60a70ff00d7361c8b7c5dd9d33711e15ca4d911972316667a4be01655aa942b2a9c96bf91f0c4e1bbc44a661aa628fd32d7256fab1a8ec80609b50d04340e814c534e6a37992e522050c582920890b56423306cbbee0aa1d2072919140c3a6fcc5756b0fb8b052a91c1cb2e007e8212af91821846b124b810ed193dcc9470400ddd644e263a55676fe613dbcd1b5062cb9986ee000b4d42c2999ee980dc6752e0ebd41e8b94ac50d98a30d913631e2c985294404281e5e53056e05944629661027d0dee010cad0da58c9c2ae498b43b59210ddecda332cd5eeaea229cb7511b1d46e5808a2773251a89aa2a10631797082770675f89e93c07e226ef116e3f5285d973a3152821b4114e1cdc6011f2c018631ddc262d698b7141ee266a583c05a1d8763ea521628acd769b889194675fdc668b651aed8a0d3d5c05a5f20044ecceeb5e63235182a1ac4552cacb104f60a7fcb9e682c0e6a4a32fcbccc570312f415c8cd994b29a7dc0b2f261db3176f18853ad3d799912d1abfee2ae56add7ff002258de8e072fdb31717d5437007d41ab70788f9aab0637e20f572e3d7b398991fa33cf52990df925b901b22c6a749cc140ac0a031cb0ee14419a7598455fee655b992018271fc1044b8cd6b7198a1e20e059562e9851057f49797a168dc43ed080892d40f10b4a1838450cd53e206709794dc8b742a62ddd32a04c2210151e5087999a53cd62bcc56da61986b7610f697e60f98a6e385c3ac55dc1ee2f8972acfc1574d42b1b7c18b32fe57b63f2dc2bc4b14c0ed7342f50c4e458be7986c7cbfa443571da60d5871132301e002171c4e4480088b9a8836ad4bd6544f0e48078b094cc5bd663096aaeae16b0319cd8f0c52200a53a18c24d0c3800f2cc2c008c7f98620a70e7fd86290132441a4240b5e22b603173b38afe23aa9757912f003c914566cf2ed0303976c37c22b600c20c6a09993445426b7a4576cacb1de703961b04325ed96eb803e535027070411e845e301d2a9cc208c58f101160ee32c36b08066eefb8a91d32e8ee58a9cfc22524385d42ed0e218e618444a020b2fe245a1da3b661f02bdc57c5e4c731171dee254b0dc66f677283e5a3f5293e313245dc0913436f52a585ed262d614f3613546e4ee00371c0c547c1c474adc4776942ed4c27ec17511cbb6c70dfaea782bac187614d9370dc10dde70555df781d7dd02129c889afccb199c17a313f0ca30a82c04ac3b86a36b10c4bb219d07508714870317dc0e874473d2db6a50b220b47a9c16d655ab9866aacbc7888a536b2f6be0b275564416ddfa47857154c48b42cc821ea970350ca57231353d056c830e0dec4b33235186fda331b9b085c518e56a68b92271ab12501c8ca7a51a5d905206a73e90b2e0d7c3297516d9789e918c999e518bdca6651c92eb515ee294cc952e671865c8474ac08b975fdf31a1986b9a68970e017c4d25ccbe3cca05b8dc3cc91e952e08177c40326c9592a4867054b380a819141e20ea57b63ec94f30dca5222655f70a8e553259b841551a751425ca96326a2a2ae0c3e6e0196e0865434e7b89b5f731bccf99986e2a5092f439656853fb89568a4c0873700992acdf5035c8063cb01e6e54bb68f8ee00e013077284e4e4db088c38a9b8c25b5b8be3aca3300a76044055243e6ae29b62e190e1ccc23cafb95407b8f492e09dcb2525cb89a25bc4215e262c6e2cb8b07316a2f987897529b8abf13ca2bf5ff007134188b1c203dcb5aad04bbe0051e625d52aaf1dcbb3a51cb45a32cc50eee062fd34cad1bd46782258ea1e49711dc4a8542012602b0cc3e2184a3a84aea3af28aae21c8cba5c1801bc18814d62d92cb1f10481d968630c8ba06179802d713134392e5af5ab3501eb52daea3838c0772e0d0a6a16c0b724aa44c475306d4331dc48753640161dc43c3951319de493eab6c1027012a0346a3e399aa56aea049bcc415e88905a42b6aaa2f163e22dc5a85a37f1717a8b7165d421836472f388c597f0b3e239622e5cd1ec89a0750762d22baf71b477f739df88eb2052429158930dd62e5a684539c5d608f88e7beb7a858337070ba8510689c928ee190044bcfd46196fe2515b9d136662018c28771b8b8880d88c44aab2d7f710f58888fb517e2081169c0525e731fd42da07a8b0f06c3701f05a8098a19b8c9aadc468268526ead6d31508723a888edb466e2640ac66350ade32c7e73e841222140692881998a061d5da366b736950d1a912514eb0a869d782305c769686d736a9a8d206d80846bf30628b39dcbf316c8b98b8f8b8b165897177f05cc32dc131458e26d86221340d32c2082852dded974e30b12d39e09911a89c284c950badb8c0406849cdc25b7cc82b28e523d6ed6ed7bf8af63b8427106452c955a8a752c3dc648713380331d970907603cc2f5b7f300ceeb15b25fa8cf150740e2746244ec01888631292d06dd457962ceb2e8a206a06ad2cf529a42a825919385825d563c92aadc303b98eb14a2c51b225ac3e998da4232a4e34b8b23b8eb4cac206f1a8b02f301370030376c8560a02e7ba23a616016c66a644a3dcb8b9c12e33d4b4b0cc6332e2cb462f715b398cacc1a9ccb86e5ca9398261a0b0c168405dc05e05866896ff13017055db095d823ae1597db0a8eb14be097281553a2187306a1af90d789934e62a958e7515198a63496509d0a59d25b04c8d16dcb5ca42fc433cc84aa6e49e217b682106e946285614759acbe89cd9008537f343730655b7ad418957d918850703f880b20314a965ecf22e5605342dc4584cd5c7a81d48ce4dd152fda29d4ac0b59cb2b07860c3301a45907d46c6fa8802fd445bfd312340095c2698a4b3e2e5c59c41f95c562c3ca525e732ce67497f17f2e97cc4ba69a4a2a374ae53daa2e42bb89b15b7116d0dd4480442c2829d40a40a098ee926ffdcb61a4a84335f0a0d41b95646be02306b9974c55a8d004dd82d4b3ab33cc2a2d82ea14cb1d432eade22f09764100c3736f21d42209d1c9e6201cbb6e612ab5c8e263b23176207e4859b202599fe08ef26bb24a8912b0c1445c8366318eaa963ac0de9c12e84de38c08cabab6a30a57c08cbe1770a7f12c2c4299792e5d6c5f88670b4f5076b5ea1ae0a8bddb98cfccb83e2e5db13799f7141a95e65d6e5e2589771f7165c5c625cbaf8b65f528f6d4620f4c189806ca6e1e5630b7a826bf5cc79a1f331da2c6ddf3cc6ac58ee120cb9685625050211a4e0a8883accc701013e0d151cc798371a4c31165c62f43c4ad506505736b3ddca807702cafbf50b73ce5666dfe217390b4598e55d11c0ef0784a31d00ac003c29ec9617e08186bc5055cb370681c9071d1847196174710476a1c901ba41845589c5919e925936751c4c05af3dc34882d6a50cf751887dc05066eae20341a80a8bf32cb6833c8445d2a205a3f52fccb97e65b882dcc92d14f1062ccb8ac5108f728efe6a69f0648abd39571a6a30b1b4ee112e97a40ccd67a41705dea16860ee16b10d4285b97ae26350f68828b1d3d406a22a2b550a5731b62113b443716e5621887b953c20b4bdb03c306e20c7315470c5cad94be9e62a055b0c2b5092df467667703fe522d52c3312205ae125a150b8e60729a7485adabb087f4fc893b465d21c082e052140af36889390ce6ae5c60d82dd41a08ae0234055c8d418411f08cf0eda81540e46e080b8ed2e39cb054eae2c58258ca382f573a424ad422576066578e8d05cc28923e265f27496cbf12e5dea2cd4b8319711557f19970636b2e5bf28c13da5ef5e06a2601bbb42b3054d22bbe252c967045adba1c425199768c102c74621e543d8541dba0ed1082f06f537c3ea33df233412da40902618989be2a3ab975772ac62c06e7087cc455105aad0fb4b143953feea5c20dca56ca4c406a331c010b7aa8caa5655bc74bc3a98204ea9700a9db606a2392c8d75f549bc154f31294e730a56b1dc2166c04a4b4099a6c8f4daee2250c6d85886968625500b4a58019910afe2b2c0f008ec0db118a62e3391c55a20f1fac188039ba3154c18472250d703d887db6ba5cb0103b733828f24b3b97d4fbf8e6a31cb1c4562a7331ccbeb107e46a2f99ccc3698d7dc569cc05919c01a00d4e91cdcb428a4d42a015c0710a940d30d5400605c425acea2f15cc68e551945f3c291e01e1c4a1a42d4b8222965eb335946e082504bfbf315bbe910725b9ae7b831b728bc5ccda1502ee066caabdc14dc0e812ed842c108baf1083258ee3c2d037e2191db82d94f5ae110d3261646761e20fcc34d4b2857d21517ead0e5e5ddd4d344e60cde97cc0964028671a549412beccc540cf1162d05cc32d6aebf51f5ac53e1d72d935f573c9352bfc0ae95dc4a002e62ee19228a58c662f2c46c0f1b3301fc022aa30f344e48bda3edbd614729d0b572a453aa7ed89689d3476a2b7413dc1016c4b2f880a4a654b97f021c41cc1eb39a098cbc0f8be8730e18631c2d7044820e22c598771ad30dcd54bede239acd47409cc1d934c45cd4bcc3ca771b95accb8661fc4418ac87151c16ea0811c3101e66a8ad44a377a968201349075da87862019b19da6b76cf8cce94353b3015c0f3075d8cb7cc3179c665948bc9112f5406a3891718c936f01970451bb2ec8324afcc4e85c64655e760b3729794b57998565ee373cf7c4762c366e1f63cad13846e228075689c67019bf5b9524711b38654e03b03b94d81e45988d4eb726f98b7572ac0580332d845a7c40e94a942f4c2ff9708c3ec4a82b73589494fae2eff2c8527891cc77cbba0472d1dc15caa7764c8a9c565b0ef148c3ace5dcdd76f78dafb450379c41bd40ae257bec05f67e752b64a054f1946d4562546dd47027d42159529ccbf8b788f4504a42e1af885b7cc25803a813f3364daa13da18837088c2c74ea1cd4b3d4b5614a41f69ca18989ddc72ad7a8cc45d35c91a4d42d5ba6cf52d005eb12d17f92016471d311333a1a2ea19cb9732301fd6f70aab5481d94ace296421a15dc22a5916a2f8959c439a6bd304a41e92a05b4acf32ac1c34156d6296dc6dcdc5476fa22a55bb7ee581503a9a61a342a985fe2da80b9ce28e08bf4b2a45909d2e928d45b60230b6458afb9ec96ac112dbbcc0143250d7af318669e9280199ea58da5f823853bcdc0016f38ca2523d84b42cb9c66794f940d19f682e9dd87071199c30d4b95822163215f5026668c1360532402b1a959307c2329516f52c6a59ed08441cc6e2841888c5016a5a29a6075a5dc932b5532b1640504606c2c732c6d772ff0026564e20532db4021c0a18133c183a5b6365c29541aa6e0a336c60a8815aa23164c06e5ce9b5b7a8d1eb38251815ea20115070072dae34d0368d970e422baab85720dbdc0fd0ac533f04c165b84bcb0e21d279180949ae18b83ba1987edd5117733570224ae025f32e7ee6f4545a86657c5ca45425c71a9715bd4aedfb82185ea685bee586d91e912004ddc7612041dc0370225aae610b628ae06731d392397c3a150404156a62cc33b35315c497209308b5067b44770a23845cc2db8846331448cc20a880435717b33a4adea080c5f11c8552ef4ca049fd45e446993d11b0705d54c42793a854da5a8d1fb4ea976e41a5dca0b47645482e2ac6234232d55cb05ff3016aecd24672760522712e3488b58ed185786059c05de0813574119825a4222885039614c2f4dcaa53fa8bf52c0ea06b4c31b47b8360835291f832cf31732e5c5a9b9739988e53f12e157330eedbdf068fcc48d54515119558ec2ee29748696a0a16399b43bdc1be48d7985cc6730a63a94c931788e22c472634aa81529bb9627895acb140ee6ca621466159ca570302502159e588179b229cc42b48779e618cebad554756e594d4041f0a654c99d192578eebe3a8600d8b9847db0399648b6da7731b3d240205d56a557b402d97285401620fa461498f4a616797739486df854d929baf2f99d67fd6214e9f8cb82a80c434405af0f52a1a2ed707c7cee483bc1881f612e18af2c172c25cb83d4bc4dca95f172e5cbf965fc3b950015ea02233cef610885c0d108aeba840699a89982c0bb868a6deef70da182ab75316b9948e52f198145a17989690c3fc875644b9431d470ce20aeb896aac988398b1d9aa94a026a5825f9a164aded874095460dc1182cd7820d406aaf9b8a1ace1d9d4ad8620e1ee1caa6caaa86debfb4c3c9babb96c3278f10de5b2458857a22abf34b954179c95c3ff00238801e99945a955dc10602c60984d4c7ac3b4b332c18515199a9ceb89654776415b2a542516a8a833966ea610c0af510e13c192bdc0d3925c65cb972e5c5386197e2cf8712e58cb25cb86cea5e2d598c35a21070e00ea645b9635bf533dc1099ac91a84d3a850439299aa3e22e45c216842e5408b804220f2d334456b38ea29d213264d798c41fac49920ee0840a9d4182b5b96fb82764e42e193a95a8b9252a0f8bc218f8b0600e0be9e625f63645cd42ff1356244e63914e442ca80561e1b814487418c0d07c1991a1bd842b13a2417aab622ea0231c56982024dc2e1c6f5a593327e2a548ff3060c2dab56211a68bac18de26383680f31a081fa94a6bbf089e8e605b65ee54bba0b570bbe284660d4fa7e25e3704438893e1835f17f032e334cbbf8b97dfce3af8b8934610aa336eab04653cc0da4a2db96ae389560771e970cc80e59901c9c45e8a79a8450ccce7aea10c07f9841a87537018e54b504ac1cc846f0c65b538482203a1b8e1526e25a939880d64ea1ab5544c55582195b18722fa95c412a3e23c7b4432202cf2770ee3061ee2c87645763fc95a6e405fd40df3378879a17ca04f231680e3cb183745ab2a1f08c060a039ca26365c5c195e3e6a11587c418dad6ac819d17c2a0454eb46ea24a5ca4309193dd139412a6ac12d9bd231b2de50e29260f0f108fdb8ad2e7cb11236ebf2dcae033505c087dea207cec9358b316e6253516982c59c7c1af85fc5cb9707e097cfd45c251404ae80d4e0940806525d711da319965c65639b5b96e664db987697d4b8706e71aa3880d81884ff0dea6b26b98290d7f129c4116b43fa4025db3352256ed803528d2095dca57366335f855f00e41cf50e98ee236c331771363b1a88565b30284c8b955752ae350427a88e7f0456eaaf63006feca055282b5ade2a29359d217675b372ed94851056ad0d4de8615ada4e3094e8bc84a956bf4cba415b631d284723119f7cdae20f9e70cf922a3e5e20918da1a65d8f3460b8211dc2b8837b983515b2c98771f12d952f31599772e1e66986ae2eb15f1c5822a8d31703973dcf4c46b9dc5a8cd731ddc45404817584aef1f89826bd4acf0ee67ae94fccb857aa97e91d71702a018cc9da28af510c48831bea76ca20e48b10638a9c79fa600b68fb7c3018d1b94ea35a6addcd7568d4a81012a9c427328bc44bc251bb6172889da6c93d93955e312adf40902d83c2dcc43dd7210d00b8c4b6e59448a291d7148823020604fb627877d2a18191c907613bbb86fb9e749cc770bea5d4fa972c970ccaf849788352e96e0dea61b95c6317edf11e1c00fc67821a7665fe07a475a894c4b96c80647e2626371ec86a0e0e6266b04fab1fc4763245606ea0d460e2218cb81737f12a887c752df1fda6f44c71c63c44686aa5e138e5990be78960a37e2131e99e23ab60096cb0dc7678999cc311cfc511c4572831ac3a96e70e6aae3da6b2621d583158c725e2621b757b88f2cbe1942f39f2251524de971fc06a9c1e03d2e5913e0cbf81b97165fc2cbf8a748e04a000b583bb284667883204cb53a3a23ae5cc5ca02a10289645e621adc11a810705cf1e63a724b3fd266b9a6908fb25f502448cbb82e664c4ec415b874f830612be0455022be2192e0dccd798703dccd1b94139792528df144dcc59a80689bf707898f83b952fe0c92e1348c801d8f315ab3d0a8b25e8cb2e9b94b61293b3a8b06d91b815a9cdfc3f181b99efe33c4b6667dc1a8eae0f7f1f7160c5a44d6100655d0411b80b60eb1142c2e22ab13bb15a60cc0c58cc72cbadcda96c586a666fb8a052808cc98a22b280766023b00a72308a777ba7528d5e26764a0711977d44aee06b9bee65750858b182da82ee0e25f0f486834d4475b655675dcc08d5e63150898331a59648c918fc1309c9a7fc416cb670648aaacdc086d7e6c959ae612743052ea10da4817b8052d6698ba2bad4bb832e0dd4ddf8f863897181a972e51317f178972e0661652e8868045935e7fd47b62b304739634973441d2211f28e252c3081642dc5ee442f537516b787262eb0e23881751bf4ea28b2575ccaa869212cfd20854af72fcfc2d32c0bf84254aa98aa088b9bfa8892f2c686752c9388427646ed5c25dd4330b86285a0a61e2365c14764cf01dc00881ca71f51202978952a73716236bea04b8a9fa979dce151ccf25c61a87c6a1af72a25caf98b9f9b9716a106e713550cea3801568206fe44a780f51354143406a1e7705cc997104200e2579400f336cc00441abf8f6b876c776596948301c3db142d9fa3c10752f98667f8a1c38ee06dcc6e3b84c2c089573015c4a8107c218984634186c9a957c1711b6f6cc557889e36c42716931d772aa514f728052d6e24b2184e04d8217c8c0826e4d3ec8a0724cf9459c2ac0ee796988454d897e23c54252a543ca2a6dcd46daca53c4d40b9512be2f210cca9b547705f9f70b859b857cd452fd47c61d265ff91e840e980850a896c67b56cdc4b6008b310e63a21398a9a8212ba0f333cd807bb3df512e6981c0c33596fcca1f71bc70501578e2168c0f8855ed701afe651334b01283441a7e08752eaaa5b16e2c565fc02b71b07884a1b88138ea6a1cf7c4b607df989d8cdc5b059c902aa68ca24dcc7507a9b5f123c9a0d56c5e4948ebd375dc3ad062971ea5da8fbad84334d5a712fb75bf04b2e5459d4d0450c6af0e4fccb2f558b98892e5caccda0a33f0d3779982f9af81712e1b9582b2cdf5f00ba85d9e93c7b8e80d52c04359e233063c55323e22831a732d73297182235441badaa1fe4c169e7a2260150f49ed839826edb945b070191aee663c39e63bb8e251ea577ef30aeb03fd65c3a9517bb96818b89882f30dc2ab9f3192221941d4b84ec8d7744739d5d7b9a839978d4b17c9b9c11dfee30522705d458e4834ade6a00e27621b542302aa1ea1e605403653a3c4286d056879f31418453bbf504abf607a487ed6cea0a1397e228105578955b9b222d75025fa6081e82515aa952a5103302f7f3ee1da54a25cdc31a8de2202d2025f3b1428ae65793635fd114223ba952a258d8957c156e3be62ab7894adea30d5e6f503e7b2dfafb63fb5645aa548c57553095b20e89db474767a6125f732054b31c4c7a6dfee57182c3ea2b8d6e3841bd33262326fe0b189833166613098275142b1de2fc46536ccc4b8894c3086cff53828c4321c6b5120f72a9d7a89cacc2e7960a229e536bb8bc62323cc05de5ff08c2d98a6a064bc06c8adb65fd8801cd6bb8e0c1fd4adb5e2bcbe65a0f1a2580ba6a21db75069dd5c40f087694752be0c7e7022b2e16898889cea32a32f88d8baa68ee582a77d12b2a1406a2c56d8f440189b6010631a4455acaf104ca398d10e3b2ce4fc12d4770d0f97f52aa9f985005a7881c445c315b5689a3c11dc8382e35128b1710bbb377c4c91dcca796632704f72e4da53399a4a41c5cce3789c661960984b0979dc69145895860b969766fdcb504dc48d8e622c5639a891bc244ac172cd8898ff00b311bafdc6c3ea0941e55ba94c9159fec303c875cd5e18a9e341b0ea1646d6fa4256e85f075308bb83f983f75646bdf88c603ff09f518c7610fc040ee5305326575ad8c68b952566511a48747329950b115d92aa3f2564b4f859853bc4260aad6276dc4eafd4af1529cca25a85c545730f32a186656711c471f24581ea175a9bb1925045a0b766ede223c9556ebd477365c5cb9655f34cc3189c91aec6ddddc5bc2c0b23c89a876b295a15a150456a73ccc5c8a51a2c5805322aa238749e6d51958c4b009573ccbfc116e24dc285655d4709fc252774112eb4c1cbe667c2011fe6617253ccb943b80c188cc144adb71374696e152c8aae1b1064b381cc312c464fee0c39e58a8fa4674b04f62a0d3c92d52fec788e96c0acdb3a8891d7bb97894a5837aaf64b8d2593043a93137cbb830bfa5c75385404034ee28423bf858f94952a2ce652ae2620c0196001ed2de113a6069d252bd1062a3b4711626e1ba9588c0a4bee2255965e7897b5dc243df76bdf5282059343fd67fd3b883259b3a990d5b0855237c4a54157686c34558aea452bcdde610a2b33741cb2a49583d2165777158e161a63067c4c8984cc595ca55182afa8e5885cbe98f8b8289632a6e35a5e55b6033a1897ceb8bdc17e788f6dc743c6a1e83c4a6b68612b50b218f6b8e0b65de399523dc305961304cfc051c3d4beb36920ae01d5f30076a82f0beff1053438351840e7f47fb04013095ccbeb715d879b85857458f516ad5eb9405c3d070fb878129de1f0c020f321a5a3a6516acfd434ff0053a12be2be0bb8d78fc40bd24332e39015baf3029e1b0cb10d8c449336d970ee1a9c9f0b10cc5adc75cc3a6dc7100dbaea1036afd29db15b95ae4afb8c00b6f1d4fe48011c1cd334081e59947777710146f114e59bd4a0133eba1005d4b057f44588eaa0a01c4c8699e658a3a463089272e1a82d20de2016612cc40d1b7e11cc708bb770c3930e9a4c0bcc7ab41b8057cba85a3192052640b514b5a9803f11021db9996cdf32c34e674a206dea142c8e497742088efdfb96caa912d3a0b07873f700a2ed49d92c296ee2e2b3b266eafa97b6334ec65634a81a7ccda4116d2fae4df7ee21e54a4309d3000639c096a48ec655e669b211b138a8df146db264f13d49dc0a61a5f846c0af71c3f06e625e19c886a1a3ddaa751e75b1751406031446473cc316e17b04c1b80808a573f0e62d172eb947954350f6a7044398d35bfe4990485ddb5ea3506ce0c1ea38deef732a1f585084cc755b545dca1cc5daa0c66f72e1a7367f1168065138750d863d2e03ff0025862136c72b8aea35986e3d4654f70c16ca1f71752e96b8c0b798188016407c4adb26a1286a06ee648295383d439c5627ff001e25dd63dc43c4cc08829f399764751e419a98898bc445a38710c7b46ac32252cc129f3330838390ff00ae534d9a987fc2150b51bec940305a438958af8adf64c94717a7ef70249ca3b222521d8f5d45506db0e7d2142e78beddcb50a47e99432c2ee74c2a4c3567736f320ff441a472dc8ec41c2b87dc2086e370cb2005ef0c748646199a2ca86c6a65a980b44668388eb9688a9ea3986202d43495d45af8208cfea6f79388728b69c118b2d0e7c9f1387f8893d4c3c8f00d799ae1685c49d961b23bb8452c5e230575345cb53e0854d433934cb6a3c8d8420651b6399a75986cb8d55a5c25c1cdfd441c2b3ea1e0cd8948e67233bbb820c4a16521b6b02c28d59988fee5bd388c56b6b5c043d3105312dcee05e3b61d5e260d9b8deddc34c757824aece4b965df332f4311dd4ad7ee3902e25c4ee5e28348b7694c89c90d5ea28bf06310b782406bc81dc7f0a6f1d8c5838a9670a347cf0cbed66ca460485153c3a262f3787c40264a5c30ae2a412b536398b4f2d8ae1e617b82bde3e23aab962fd1e26ffa0672bb60c04d53870caab847c4b2f299f98a9b62a8fc52e5a5209c4c89c66754d4806f3681b58764e80e0f0c6e48d707a4cb8771c4c28183515b31384e7767712f5cdfe656c15ec154990b39dcb52f05d5d44570269508df4f114162c04dbff9034a5d62060e114ab64e1c44a575f985989d97d3c44a1519b9c42bb8e6f04351b1a5a844392b9bee28a5e73df316a0e9200513193d4ceeb0ee6198839e6253ea2c0372ed9cdc29ac4eb32f47d414d6462a6a5661b41b038794220bd874f223b02c075e25136362f29c7e220a6d5e66651723c5c0cb787af5128a61cb4a514e624469cb2909b727501fd93bea246a356d9cae2b6a8b138e9840722387b801453098b7ff006168a154a80ed594e466c6baa2469d7c6827b770ed0570aea612a596466efe36e257c865022fcc2a372d05a6c06d65f2a6d1d1fece0020d45d395dcac8bdd0d1e66c0fb8e23423946b4a29cac76a10881dbb8f7f014cb2cb0f98122c361315c542ec73f44988b4cdcaac665e62eb0bdc2ec30d9be0852e2b188ff85d929312af682a1c6624d5de5b133e8e858665bf79b8bb79e6202b56601471d4f2bc262095d4e0d43c4106ccc5368b755041b5f135ae62115db2b4440976cba2ac48ec9704e9cabfc8c60db2f65c9f51e6a0cd693cc6c6ea8f875016cc43ff006e05687a851099177d789414771e6325d51e63988c4b3477ee21b7207885096cc52e3d0791f6431db52a2b4ca80ff64792c15e5960705693818145307a6221a592b860550ec3472789b0d8dbcbdca0b7c4a8b6e7e065c419d4accaf8045a8b96302e07d4a8ab1e25f03e570efdcbbb032bcb16b98447cbca42ee0abce46bea33116a8d40aacdfa980dfa8ca0acebc428048e01b9d185395b7dc4a01cdb00b832c6b3cf7112013d9dc6470b3e621670a1d5ae5db501bdd3325a2acaea52689e1e22d65cd70c5d108a8bb16c083e56e322aad5e58db507f700b2f5033c4b13dd2f52829b691abc41000bb5d4b358e20a517343a88e030cb35c788561c2dc32df33bbe256abee20ce9114f117d015c3286163423374e65580bb0693a855f345f20d0f988d938c27f5342ad59f132643dba96260bcf999c4a53a382363323a7b25cc7fd11f714dab8a4e494f90c5c401cb16fe64374055477329140bfe0c14ac01c8e209295b35df735494171e1f71340555df888ed82df480deba03a6e682aa83b184dc666940cc2670312e7b46d9200ae02a343188ed32ff002ccdcb105de6232ae3134d1ac5abc9994bd06ced7a25b1acd9fe62e30c4b2abf108916a5354e1b9b5f70e7d4b26f01ab968d8c30b0b0820d04d86a642df4cf5065e1560bb7ee1a7659dcccb2597b98b949cdc7036ac3d476cc1146bc5c6c8304ec98942f72a8f2d788910d15cb423cf93700c614f04ff62f0b3881fa54ae781a9452f99ca1ea68375b970dd8cb14398d8aff00eca1078c4be1cd8188ac958f778a8e48165f08e1bf151ab8cc59a18efb4265d410f1424641ac44efb962e85148731a960cd2e6a0e24d6fca71162c3f431ca6167cf291605b521a7a58a2c163c91a1a09743d46614363c47a82b9f70abe0aceee5802dfb1018736c3c9a671f177336521a1d319d7f81400e2d93ca635e13c3178ea1af306330512a6b1d11c31181d30c319968de20c2ada73ff00252745147552a72c01dc339842e65453243f3dd617965d1b2a1a0f119f92660532e212569b32e78fa8a541ae1312cb8552d75d4028de06fb9662c00d83fe6273cba7192fccb14007f622914c39acfa63b902515c3a8191819f304a34bf70000141a97b4a6654fa41a7caa364ac5efccb29361a82a017e898eca8d905936177dca284135c76308bb6349c8e658460e0cb22e2b221402309e4c7ee50d1a60de5ee10b2216ae8e635e45683a7d4014a4469bf10646205e8f3f518ad0ae388286d8b8b8952ab392583955b3b80b543d7ecfcc40d6097b73f51babb15e1311585a59efb4de02c5ca96b456e6eeba831c05172e218c17b0654403d07328d286a3663891a7afd4ab65d8f272441ae8f2f27ea0dfe0a1cd45f385670ff00ec1125161bd7894650aa1fd25d9509f882058e51289c2e518ea6f0012e105dcbd6a096d4adb1d5e346a001411798ddc4f24f8c0299f6cbe89436ec5dc5fd466e539bdfb991b97338ad3ab98711635c788d1aaa5df7cabc469b028b8a31dc6091b53ad7fb1020357b3ec7d4ac259b573e2521b181baf11c87436c6cbfe63d00487b64f752923545744b542faf152c6750ab957a805b624caff99483058bc4028e97426e9d9178ee0d6a2f925074345c8175ee1a861b8ab66dff002581d1cba86b061723352a0a588d3e26670c381dc696a5e2dcf72d3877ee32cf60e6fa629803fdc4b0030dc2836317c30a97aa7a1cc233ba08e918c343f374cc42a501bfa87010ab196c0b44741ff22d1b089fd9f72c4ccd839804612dc5bff61509691fe84a1a6b4c60072c358bf12f60c89719d0727a8edb001b6f3082397f0899a5e4f0c35051fb9c303659321e2f73680ac8b8b2591c74a6a9801a35a787f90d1a0b546bc41c2b71e6f32fab10b3b1b222978a30185a2ddcab206206e2e23b9a400dc768352a6c8db20657f8421c6301d41c9135bb842acaeee0dcc70011a3b538c3e0e63d736f2d7a9ce25b796c9a7c0d11d17cccc4816ed7b9413774e01dafbb8e34a96fc10a940ac6716ff91880a00e3923e2106564d16e0f1317308e6e925a40222bc6f090524c81df997f50972ba078971a4628cb31c8f5b25b2a0263d1878019a23657e2210507b993cb86f362cfaf302b20038edbc8fd6a522ea0e23c9e4dc500288ef98f5058b3b558c26d356eb4e4f7704a8851b2bb3cc10690a11318ee10a959e02c1975e100d8d8f865c0c0c9c7706bca871a71083b7502c2c1fac4a504297f4c7225c10e50dc15a862f43190ab5477ea2c99ee6aba7fd82a2176c35a620721b9c8cabf647ada7ee6d91262b0cb55a5a1d26a24cbad0b6eb505b335d301633665ac3066974dc6d1da6fd473c250f4f17e2204a47c0c641678bc52f4cf51d92f86c3119933a6fb273c94278d9059179bc04a819e66fa4a11a4f35c44d5c391dbd7b8c930dfa733970af2c4ccd889bc4b4b1482c332e5d4ea8c2ed15f503a5c7aad1cac1c6818027173ad0af30dab296270bf2310b5c4e07d40326c898be3e4f12e5be2609ee590665974f529cc058e006a06b55154e7c4a30658557ee2c8e91c6abb8cf5681c95edea3808ad5a8a0fe620d1233e9be606885fe57aa8cdd85b0d3bfb80c329a09ff5c645a8f9d574f98159b989b0d15e2a68c5615bd57e224c1a1739c39c590a0899201680646b99ea0512ec039be189a0d345e986c0216add9764cb9449bdad7b96c85b136e6c1f56c48e4b5d9c98baee3a31a03d896476c0a2ea8eefc90a1946bf859f516840059df98981b2cb659630502f4b87bfa87a5d3cff00de63afdaa8db4b57f528308b73a3064765ee6a5c18e3856e3d45c258a6f0b41301e4f729153083853fe626dd4026918ac92faad9d4b1a060fbc441edac4eae00d24b5774ef10696e3df238f72d50b4d41a74f01b5cdcb92e8dc93260481e3b9762066cf7fa89ea42d4d1e7ea616e97d70c7c5b2c5fd546bbc43c8c7aee0479ee713acfe77368a9e3871f8841d5e91e2198c5cc547c46e99ba61721bdf494b3dbdc60b656c315b7b2d5923addcdbac7967367c3965cbf8352a54b976e1baa84249611a6f8ef130aa31593bee342d02eab6ec8c110b60b4e52cd04054a4afcf50d25f8cfea517c065efb19621918f3c455d26dd51b82d204a184b9bfa8e1033e4e41f67f730742a8267ccae7958534b8030da0d5b88099c8fb418b7d4346502d00c1f98f4d957b1ae1803ec8743751eb24ab5a81c7d441eedbdcb371d2d79c277dc24540d38eae31e0bb17268f5a891064acfdc001ad95c32fee5b840537d17cd46b0645b3aa66d7043ee314c61a5f0fdc0ac6050726f328b22e8787a65a2c8bd5d0710a74d37632d9285fe352f8290bb1cc018b2178dcb00e01e2f8f50d703287b94040b4270989936360ebd43c0d00bc8cc1aa4ef38c91990b7d10035d4cb77a6636630767307208039e709e609ebd68e18d6ea9c5ed3a8cf901e2311bbd1e48808250bb262868b7aae7dc21da40794e7ee0a6f210edc90502b46bb882bc82fbb860971dcb78996550372f5c9c04cbbe67af13c18d8a016ab8a8b39b0367fa44fad6b5dff92fc11c4cca95f1984bf8e33130b6cdb75c7b817c3c4aeaef370ae28e7acb1550a448c219425370a5dbbaff00b713ca361d0a715f501dd2f8345f31cc7283b1ea257dda45d1cac78305ca05235e13f986b40583166cbee31b11bbc72227e3d115ede08699ca5c9d42b08c6f6f885c8b19a4c230b75653a69ac4dd290e534d75085f2b48bb3d23511b6da84e99bd0f4709c4576a254e5ba0fd7f10d99cc0bbff00ae50020e34ff0098f7924bb4ba53b8401b088cd59bfa658a9d1c3fd91eeb730c0e32c0b46845e0ca021680d8cbe185f3af7040b416af31db60cbfcc319724391d8c78bb0a1d22732e13343c32d784700132412604fe664cc0b7f2944a97cbc9709688a5f6562313da42fb5c7d32c2e008f860de6c13adc28352a9bc461a59a569ecfc4781a6d01a203235143879980df662f4c6cab16b8212e01becfc43d8b073879fcc6d688bbe9389689b53bedf52e31568d4502dd6f3074056be1d6a16629cc62e0a865d85d6b177773c955b2fa261bd700e7de38bedcd92dd7c32be2fe2fe2fe2a94319695ff00c9a906d857c7504436765b4f1e58e4b80685c0d7106f8d33f53720684dad711d73902c292bfb8d8c05cab8f10e53a018d19f1994bd29018e4b8ed7dc5518f71904583c8ffea5cd86457a4788de46aaf3c9d91040e4ac95e22688ac130e163f737ad206c727ea5006ac17fc7115c1d473d30354ff005b9c3eabf100a151e85a67fc956d023a12c97d436aec4709f5055309e61827aff250a3762b163567a8ba690f93631d2b329701fe12273817175cf8e21bd67b14b5194ccb74d618b60d0fe69d91531a06885dd93f05e6a216d8f6072337009f75a626f71a698286aa276730d6615bd8f89608b425d918933537c5c620565d7a8054a7865ae6886f74d0cb5345e4b27a86bb390c540040d72d5c593080e73a61ae02e9d4bd61144d7fec4e054d1baac429d5976f17a639acc99cca471b5b70cb063310fd929401a0ff00b30c50eeabe90e8d447c4580332b108b52ed2c454d0283a8c026cccb18055b2d11726e6e57c05c7e2bff00c0c7cb68b0ac3d1001109cd38f70d306a2397ccc14e4bebdca14267548e8ce23b145d1afb887b7a0abbc578a8d0003a34532ce8a8f6d59fc7e220a1930f90b8639ab2c80ca78bc9154ac9f05bcff00ddc20e494a341a990825cd22c5eacb22cab5b3d4c3c558bc259128c81b04c398ea008b41729727856a37fcc09edc3b4446a0dbb6c9b495b6c06b2831fd44583165883f814e84a1eb2cd339fdd451dee4f0c37ef4448c4a0f91846d2915be0cae624f1a1446c6ef6460500279bc9f67f12ab1ac1d7dc42ac2d4ecdfe20462156d358fa96628c0f751dc62829e650fdedeb25f1ea3add409c8c084510398cc9ba5e29d8c5721943b3d0ab70c3282ed3330062eafcc27a8e4ec751cd35a7a94b056aea05c704ec665e0a37a063d26029d4bceda09d8ea5dbc5a0b4750a65bf3dc75c055f94e651480d3e770e854c95d40baa458773394c7c13c6c4b1e4b73e236cd0ed86100a78c2ae6b7fe310d0e535c4a7e4955d4abe654a95f071f38aba58b08ace571848154b4c9136614f6dabd54ab6819562f105a6aa58d20a83d83a60b7161bcd5ff0090659d8d34703d7700c59b1e8880c3701a1b333224a2f9ad45e1769e4ba8c0154b58d0dfee282044b0514fe611e9173769a20b51b4e2f2d841f38b89b83aa51ab1e3d6ae35c86f3e6aea66e44a4d3dff00514316d6c6abf88b2e7d262d2eae32c06af82ea08401ec039223c431c12d751b2c8ab382eaa503ca5ec9725920f05240ade8f3751a31502fa752f3236ce5a58fd6a35129c7abb1f645a68c84ec8a06ecd9abe6563dd5dc3234d61d0ca4a97615e09696265df988b831d14d3322ca25d89d46d9babea6760438741d2798096c5f44c162e70d30a86c323c69203aa2abe4b8056c639acf105b2ef3df2465968a4bc1c41668a72df48a2202e57d9a951d51cf7918501bc83d33a43c307fb70c10f1081e71325dac5e43b8598b92f4115dbcd31ba45b082be9d5918461f3296f8af814c2b2b12a7bc713dc604f7309e6202987b7ee2b4b43af691f24166d96efc7550483a4e05a219c81006577998a839a441f04b9c56fd4304eaf5154bde6387c80f0c6c6fbb8e88d40e154aef2c4a1daa62c2ebedc43c512ddf58d4144058fe715ecc068c0b5fa962f62daa9c9ee229ad844355ea2798a634585bf6c42420f6ba7f50b0350f455e3f886b5159d9adfb97014a6ec799f685623fe4b593c7b30c443988ec69497ba5d6bcb21868a9825a3587f3144ba29facc408675d62f312f852239b660934c1cf9258c0853f0b823d3547641abf6d776e4814848b1bd7f708558a59e9899762ba130fe60a5961fe4c0e40e2030a03976d1a9ca99fdcc8820a9c3ccb3222a793c7a85cbb63bdc6bf13437cd6200e7fe5700572bba88b1c20e7b770032971b3491405a668712a4a7e91626d164783b817148b4f0cba0cda0c614d8c397cc45acd4f5cc7321b67b80256429705bcc119df88a5073cc1a4860771b42b4845b5f0ccb2afbe216aed3b82d54da67f32e2179cfa87f279097c4235a98393d4c4346313a1f8881c7c1ca21d43d7c71061563347eaf32f48065078855c104694cbfe425290815f7fc44b605476022446b0ad095b751a8ef44ac0a287d8586f3153496045b1a6ce20b4803668d8c660a552b56eff2cb6c046f92b9aea517912af50f625a234878fcca04b83a053f86237c3a9a46cf64c34926446e9f165f72b36115aa7079872a2fab67e52a9a527a9d7dc4742a53565a886a0a4d36513cda135be9e25c3eaa5542b80e434be485195e780bb88c18ba3da3313576f704531cdae36e3d403795dd60508f2221f6bb97101e62d77f9dc694562c1ce0cc4b6e90a559c44315f7a17645ba02946bc5c1ad20d3d56c8ed6686da39fc22374f4be1d40ceb0fcac66532dc361b4bc644ea10d2cb58745ff00910d4a23ff0027e22b59af44f123cac9a7f106815c674262265f683fb878072b9ea53d26af09cc3bad9427702e7d9a0be62e01c2bc9cc2f05095b18b10aff63ff62ced62d7f8849a5835d3ccb4be3dc4a81360cb8a5e5b97989cabf8898a73318db6ccb77150a17d32a952145816b3122b195982712d57ea26a0e6f60f5195b1c254aa93e139846e5371066128e616d6a572eea3e0898de9cc0058cdb3cc3b4571930478b0e655872f7bdb0d840b5add73ea5618b45f0aea2916bb26acd622a8c7c014aef7106b19efb8eb5f91468987dd31288559817fe87e208a45bad2d3fa88b160e0b1bfcff12a2ac546574f1320b6c17be0fe6228b79e41abfcc1770a87bbc3f8880aa29e88afd264e3d74febea0e042d65dd53f502a75e398b4fe18d28b485f5583ea28caa8cd6f94408a6c9d839fcc7e4dd62cc5de3504ba3808cc01715d2433ebd1b35488c085784ea052252de813c4b668971d30178443d84494a74bce6082dccaeda880a10e9d5c4aaac695542cfe619fae7802eff00329d1802b37661fc433d9f9cd30fd47437bbb63fdc15432c1f3333c3fa97cb494db72aad705f8994e343caff00d8efe4e1cb096ed56fa9964a220ef10136c271c4a89bb1bd44bca8344cc8806cf1056060362c0d585398e4546d734ff92ebb7659ae92cdcdb87c4c651f0cf6a5ca7825c6998dc2ca32c3a894aa0eea1ed6d2ce419b2558c7dc48cb772f46de0cc4b68e6a9fcc2c48ba0d7a486566142c7ee25049ca4ca86195f995dca7a961b9b01e66e29955eae0d39e4b2f694551149004f86806bf19f3308585752aac98064436ef2b60a9b636d1a2f71cd99e89fef12ecb000e1cfb882a8534ec0f2f52ba8c393215c3de62ee63caa3a3f3118402e58d42e02d35f1577f998ad16e2b4fc454a142ba2da1e2e677989a6610db0a38b33fb8228d4ddec3b6a13408ac64d5b00e55bc1ae7f885a6b575c1fdc6e4ba96aae1bb280bbc17fd45339e2b66b5054acd82f4ee501a968c5ac205b6069f3b860845846ee5e610ee3351fab950a8584ba1cf306f16a1c301bfb822e83afc4425db0127f0a05ee5c06d25fa771e9a13392e3498f1f40be61740548221a907a20d20407923101cc8b5e47a8af679b510d6e107071512b05079ae23850229c5fd4b1a168ea232007d9068acdcf03004441a70495e80420bc02730d55fc060a302285e5a99fae81afc92e2bc06cbc2471585db7c30a6b3532839ccb3ad43ab08cc6d602c6f3081614badf9838aee0a05bbddc4037b4882567b44405fb85603fc454f5c1642c775d64bd92aeb8b79c5dbeabaa89525a4c0e6e796ae5d2da8c0edc2c10d596660923815cc76b22ca396af88cdb6509dd5ff00531930528d5789956ac2e0bcfe711e6199765a0d375fa82234108b6567f32d26814601c5b091550e4036ff00dc44cf5693bb557fdee6464f4f3154f92079c6e58cc03c166a2725ae54c17fb18ddeeeb4da99b97caf5b5a58fe688e3c003a51c4b848a2e02e58784083b6975f702e3b06db31fb94a870751ad85e446b3ddf12aab133e69d4752b708a15fdc7d38f6a86d2074b9a0d88933a88e3a32b2d54aa5fd005bbacc5a8f1805dd7b8aa9d20abcc55417236a3732ac496aa65124b7562fa865d02b459c477055b6f78849b5a070088414822f9a60ab400e149715b38151e6a1012ebad0c179176c77c4685929fd414a94307986ed74af75996d65235cccd76bbb4955150032d5c02e6167e94f38dc184b19ce389776ea08b4c44a697a60ee13ab861d9c45ad267634c0191aec88ae25a5fd0ea0c29af51602b32e6d186ed6e20295ea31c10e264c92806ac4b05bdc34303c438081e5654821f0c2c3d1944693ccc142264b8ee08d14cb74a1913420e187143194f684ad843c201168d9c98808b92cb881c0180e3c318250687bf5ea59dca6fb80b94b428f379fd4212819328c6bce235da405b1977eae2d4aa57f41f4398ac4002e99bf5798ab50cd341a65ad5e298bc61fa7f88607b45574ec8ad32a717abf5f888c04e468652650e4659c42b72c89fc622196eca79ab6161a2de5755f8b62aaa54e41867de20d160ae11ab751ce04edbb57f12fcd00f92afd545429b1d54a21a04392f8fb845404009cb03b0b70c214e208743d957572cf614d1023fa61233479e1ccad6b572788854427a13049663ba3b96a00ff00e23b14cf786e985fac859e0527dc521bac2e2cefd432cc43e923da55872254592156cf172b9834f1ab88003845722554047480f8cc39a280e3a61db5da15730f30043490008b6486cc88bb73141e36894dd0f08308ba94ae168e971616a6228ac816719d9185894e9094c70663b194a3400c74c16da3e767ea0f7d9dc73159e59607133ee3971854b40ef002ddf72a9ac4012f04c1098358d11a1a3eda8aa1d6d789b04a3c19850b5fb442a9f352d5565408d462c9872af3997007a5d4cb23c5620021e6e8c441b5978e21806d06aea3af965d9a71ee3745476d3050114b35c17d11b293412f392ff12e3abf19e6346a062321bafdb0d5a2b05cfa20e897e70290ae4a545759d07b80428e9d222af29ede30cfee69230467776f981faec53f960e85257d2d7f31002b3e38bbdfeb5021826fb454a86c5674c4a0d8a57c316454b3079a01fea064bb838a7712b6557374bfe63ba85e0299cc0b60c3b29b3f0c40015bdf3b951142ec667f71813a03a7531f8093c2d4a303846cda2fb4baf21ccaa4662b01b13fb8468a8ce508344e7dc69bc11f47552d300bbe211315976b8d4ad1cf9469a2850379973b035b593898c33473d3c4526c56f1dc56304a6e94ccd0a5a95bba95992ee9a8cce00863654a0a23593cc68153d1c70ccd12d3f818d36e39d8c1288734e3dc179408340ee608ba2dec95740205357918eecbf987fb0b0028d906d85744da5bdf6c157ff125627901a2268b7d4e212c4609950fd4b2b7aea5d13e90bb665559c4a628652dd7a612ec35e230ce03825252cb99766afb8a42eac01cc7a4746095e8dcc111f5b83152ee57e17cc163770b67dc066054ce5f30a8ee1ae1a53f894089367e1f733a536efc7a96a8a134735fdc0d2bd2fa1ebfb882ea483d107329ecc1e056fdcc56ae32edea20ca4098270795b6508d2cf0e7dde6284ee88f96bf32bc1c60e69abf70db4e79069e9609f42a1e5c4c80342e9df4308f4e42f23120aca35a04c3d972a0171532db372e8b907e1ab80b5310aed78fd4b7e28b9a9bfc3531f225b303d9f8cc63d0edea149a6e20d51f599976eea757a97ab203191216a012a630ce7bb809120054d0f865122c05adb30244475d564f52e32a95d8658b21743bfcc6805d916b2711dac6ad8632f12ca2daabaa8ae558e2e00871b3dc572c58c79fee5bef08c8b23c909c4f51c8904013812ee604f4be3d4694aa3e1d4541d8488b086d0d544bf2bdcf60107f80f1dc64e4d83b81daa29f0c78d5ac4f10dd8b1d9073148385870c45f7835c4b26181c31b22f6c1cca0472706e3287f6d965dc06d46a5273a201bbf67529ec4b16b5874b5be38815831389ce5bd43b8b6c1e25689bb973bca8d9bbe233543d0f50a011464e250c8b94390c743a8086c36b3c408501d87f302cdb83e1c90000520ab66a6774340d30ba81c1af32d592b56ffe55ff0052c0a5960fdd41c0659b2f12cd59a212960106e87be988c7103b573f6ce45bbfb77996bec978ba2e0b505111a6151d42be0e7f50d08a8e6ea2f056b757b868079281640066717c3f84ca4b346e8afdc502a506f8ff00b314db388d12ff008714f83fd8322d43f80f12d70b906b0bfe2087495d85cc28234361c7fde6345b0541e0d11c945472d5545bd8a09f0e626ee9ca5d8fb9c51be9cdd5c61ab4bc16e00f212c6962cf4a2bf1c93868dc0f17898c1c99b8a5603b0e608acabe651515a080ea596ff9005d864e9851a6e7b12311ce5a0ee53a819cb11116ba8858f805bd431b06ae160360c31ab8587a868eb4679ee182954717c47e491e92066d1045750676dbe659c50a62d3cc71e40af24455b1b463ea3c0cff00f67a98515cf64760cdc13f98887d008080ac826d538f946d6b1ee356f30bb6898260a25f768367704aa92f506eef2cbeb912f214e7a8b456bb7b8751a2201daa034f0cc4b283b8d287aa80f80cc99d92f1baafee2c444145c15bff009875650051d73988281edfdc1b0a53c05962344087fa428158a4503665fa823da6b68cdd77040f40915b73fcc03db02ad547a7333bf48bf151804d0a5f44aaaa8c17cd129c56d1d0730801773db8afa9503441b0e7dc5f5c17b23a0cf1044691e01a6248b8ec2697ee6d64f9b7a8812c9bdd76dcd0f4d283fe4492a1ec170400a95965bc6bf8875c6d569a8ac1c48e82a56c3d8b5d7f309de51a795ff51c88b211a5da7b85a1372accd02d0b69cc0d85d04e01c7ea288d1d6d86b19f3046b5e4776f110a60d98e23993583896461310a22db98f71daebcc0644d724a0c14c08d4066c6c60ad01b75e21be880d019b882828956aa57226396213825ee055b66b411fb01297b85bd845d8e6fc4b45ba6fe22ae738f9ea30830157e26e1001b94221acc792605cdb2fc17923fc44405f3d90b40238397d44014194c54c1a3739744a15ac6ad909596fb1d119465f03820a67f85211c34a11144a0d6e6f7e639d30ce0200b31d1156141ab89bf109cd5f4c6fb799a0f5d41c60e1c3e91c187731184b4a14656f3829fea2ad885685bee730496178a1bd732c95a782a66d3182bb1608ad401f922c295aaddbb8240ed2dd816bf825bd1153b5ebf1031179d5c95a8631080464a2b510997029abea56a5ab7753386d4370d4a99b50225f88b13186b66f1eaf10b8508b9c19589ae0b95d38fab88475ef5b687f9956c0a99f096360056ad5028c3cca0eca143f3fc47db9a378ed803905b6ad9789ce5460abe3fa09952b25cb4100bc3455fdc5bee6871e62a6767abcaca5a292adda90a02d0003a6387b68c5e6b105d2f0578a81bf228a6f4b2f257d90daaeee214b0b994ad4d3d4adae58632b3352166432bbd63504425588a6ada5c54c3c5866372216c05056fb946da8d83d423a96f465e4603f07702d003ee903332e2bab1945f1496271ea1a44417b0c575456e13566fbc41142f4dc3d9072867da17400df66140a723cb017a877cdf72b61a48022b6f6ea0fb24d6a2a9ab707113462f8966871e50450afa25f22ce388bda97f4628ed615545a96ab2052d12a4c54114abc439143c4ed3ee36b4b851ba798644d3d047f889354b928575896c0b92cbc1fe11bd8e0346aba99f76ab35cbcc41252509e9329bb1bb94a27572e669b001b5af04069815dd90fa8dac5ebaa95ad0ec85956c7615c33b4622ea3c1c80f51a50cd97054ad53650dad60f57090d02ba2cab9782459ed629f105a160fb7842d105485df71c29abe82993cc3fa646b00e22e83bf3ac1e6d75cec4fe31332f1d97670634a28ba40b7952bd6e180290db37dfdc4022900e49c42835f63d56a0501cd340798700a573d732aa12978a5e66800429fcd469093dc4b7051b61002f1b976238b728b330a26252f75c5c6ab406eb1154cb1e7509a45708b23a0b1152e2eae0e345d2fb250d11b2b656654477c370bc391aaee5c31505ddc0b726afd772cd5829791eea5e360a8d6d802e1b46e14d11a895f5005d2e52f1689482467318b426a2aa4a35afee049943406e0b706c72f6772f72afd8f2ff00e41b5d5c9b3ff2562d6dacd7a95857810cdafd9c3c41ccc266e3c35750bd93e00fb4c654726e17cea258f7dc42f92ea1086ccaf98e6dcac34c30c0a8dac4a9062e0bb8c9a572bbaad92d0a55c06331c461a97317c930203b6d71c4ba24cf92b67df3346001576eaa50ceaa5b5c6750cc29096c6db80881c9cf631f0b015d1a8e48d85b77ee636e7cfa7100ab605ce739bfa99a5b3b685a3b1811c2ce17fcc40a2987bb26526817655bfdd4323a267a7e65a500b07252f04673bd33965f886ad2a90719e203ab786eaf0a0fdc3450450d5e1fc964a0aca4d69a88849c2327a84605ec76ac7ee29e976c6206943b38968d0c3786a6ad2cfbb8e6c6ac390aff0021199a04e5d4b0aab608472f5051ae60e12c6d0b8f32fa34dc4155cdddc41094d4ad14e2c41ec8312ad187f51284585fb80e832278ea0496b6b26a05430b50e37aecf881b37191d46005a89ac910a95bdaf15d4ade0ad3a2082d7ff20340434ff884d81473e6651995a61c6f69b8249c5808bc5270ed805b708dbf5cc10b724ac2ff00b28126bfd97c4598377ffaf528c43393c7a82a859a0d1ffb144a9ebd91f8afd12ddddc3a1171b6224c84bc3557b57db2ee01a34fb7b8c552c28987997cb00841a0d9a1c79732fb6a5d0583b827485b3c3fd893261bc3cc0a35541cf98ab47b680314f393ee5496ab4b7778e9f3078048e47b78265cb0b46c215b6a71e082990976efd46e11903212cbee4a469a971e802fef55ea19d10760f2c752f025d0d3ee2a30b5832aec639dd4285e06e98a108c1e8baa8dab12ea1a88abba1c5d50c606948734cfee6985813781a9c474a05d55ac0b56082dd40ca396fa352cf2811eaebf998e83a33c5c446b2a3dd43195438be625ae7a8bf979990202ee9a67f054baeb45675ff609ad2ddc62525d8c03495cb77b88016e2bcdb333b632ef752c87b02a12c0a292c057b8e420569516a760b86c10c597002c2b0c7f11ada142dd11e51b37962a9807485857af8b865e50722e267300d0f1704c683031552c358b8bdd220b259802efb3441ae58d7385cc955825cbc90428fb986b2f7a201694d35706b50c9a2523c1c0299763c6a57da634ff009058260a9c7f68f101804c2e0209e1abf43b622d9bd075ee02715d39416b1c2f302cbb0d7982bb43dccdf1843aa1434e085400e4772d6ae975505cb0331972c001a304c601e418e3a99036da8a5b8217714014bcf2222055c714ef58e6241680d3716df84aad8258ebd5799ad1aa380e9af31a84e058dd12f3f50d9de5636798c202010e2de43c4363269a05d40a422641c459ee857492ea354d1ec062e273f078b9c4b9c6476b372e2c315343cc6e523df17fa85324b347d8f30a3d746ddddcc00ca1a2bc75acc0806b55b5b07a09990515ec1abfd4272dbd95bccbd0e05156f7f881bcd01abf1d56e2a630bc671192e9737ddcadaa91c8adfee2c1104eaab94a26b59f48800af2f305f8086fc45480c2bf71ab6f02620f709606969f1994cec6bc88a1439219b9425ffb2c2f6114037a5bc6a181b6595c4abad174cd4bd97900ecf1181809a1e2f50894abaf08e2cdb7692ba8c56d5c6e26034dbccc964ab546a057586ea28b185e1fcc06ad7503c2ce3983759aee1769a25c5e288ed24045a524a73ccc98542e15c5c89c885d3f9de022914369cd7a88e3b65fd1dc07307662fdc51b6a7b57c78800000ffe1e65601758b87cc4532de4b7edd111dfc23b3a23d91bcbc453806f263dcc8d0b8f1ea55d69108e4a703146658675075523c31fe4a1488296d075053577770d41011c65ea0f03dd140f6b98ca37f0655cf7e332c9e78b1c0e4dddebc4a91b90316de7966046aa39c259fa94bb95d00ca515a669ccb9154c1d0f6c2f960f2638f50da4215c34cb5d84a6c6c1ac93b7988ef865f957fc82da120751a2c801009d04b79ff2ac872a59f98719434078f72b984874a0dfb8e2f1279704cd68060b2e8fcc3ad181f62c71a417e4d4dd2babd644fee54a543d2951094baa2172f375a81b4252eb19dc376114f76caa35c8f5ff00b0593562ab9bcc786606ede6e22e72f0d4b0868fdc08f5de3641b048be9ee5c82aa38c4cae6f458904e2e9b8568b0ea39cdbbc786e0457c978cccf68b071dc1e288f6c3433dc5d2110a0679aeeb986a13620cd9df985ac1873b854323ce2c8ac852b1999362fea0217e9713a5bb9405690b79fa4b0bd182b106ad1aee3e480bff616d42cba99a05e45cbee299d72941f4e606bf561ff00d8d0b4c2ed7df530ac774dfd262c3665f931ec184f22f7e08d17b8f48d2239e4e97e661e0caec3b8907c84efd44280ac7b4a6a55cd6c0ea1c40a03cc23186255d3dcbdf2a0bc385f2450a612f0b09c134ac3e6e53d10a5c04ab628ea96469747a3c5fd4a05975a19a4cb7ef509e1ab4a7dbcc4f4c59c5af2fd4d3544d076771808c1b371a1a416d079b84d1b67262aa5a20a99a3814f7597c46d019860575e788b0ea002f6932d8a4941a2000cb4e057330bb83f07511a88e960f105d79e43315bb8cd7d41602e48f06e3066a94be180730147b634865ed2aa73054d355132058e19a96b0b2fa12d12d0afbbf8a86716e4a10c7e60abc0d1e2eaea5d99aa966b1054c416a644ea6246aa8e28094033c96016ff001e22bcaa287a21cfccbce108c0461e5db16aa8423dcdb0aa9d99b80448bc3aa8bcc14d10a9895d26e51980c74a94da716615a25295296729001a396afb8390ac1798095172dcc8a99ee3471730388ade60be0be5165382da3d45e472731aad4305d10a5467c91b8af4040576cb5ff8cc5b7b1956a10737cb0b976377039074b98140a9482a554bb64193d32e43516bdfb886f60d2fafa95429d7c078f33caeee8f2f6c001bb513b5dbe221265521d3410360181d412d3c0731107ca6b304200e292ce23ac3cfb960409ab55ffa8e287ed77175b5e465faea36c4a7195bd9feca62813aabacfc31ad94dc711cf4955b0339793d5e62e5de28b9edfb8af379dc00ae9c0dbd40a80043301cb1190605b7afa0813aa1a9dae84f301811b17b52f1ee3012a0b8aa2bf39b8abc165f44771d2b7b55cee5525e545863c4bcc08ae15ea1c849a5bd4bd8a5aa1a7b626a02b0dbccd88a422ee8ff00ae5051a5b4a2e5d7d38c0ef732cab2f494e672842191e3a88bb68abb781f51d9980ad2f2c321155fbcd1ee00b8211c5eafdccb197caac110028ee8615180dc07b94055f502c1ddc14c0044ce72c7b399535ab1dcbdb5a84b30844bf234df311b2aac304adcb35c6a7b4e654b011284aba3ee5755adde66dbbaa22d8b795bb8025902e695d73f88897f77f910555d1c42d4aa8e0955358ea2bae9c40a32bf334f31542d2de221a184c625661cbc8bfd109082b0131680341005da8d4e63ab9496f15d4b48db4ea05246cf10fa9c0728fa957503dbfe44bae9b4d075e6028b796e576c3632a2ebfe218896c431e902e176392f9f12b69706c9d10542c2074fee2c0a028daf6c0058065f71169415838658060f1c7a999aabe2d8b005814f05ae41e6a3d48dd2b63a7a8c6fd0d3dafbe99434b127b178f11d67687959de6f83a99345f4162c1a980e31b8024a66ecfe22a2de1012cda2aff43cc3a50207a4ff007dc766898539af31b84bea18894b256765c04e852addbcfe20a04ba277d5c41002d4d982bf708496567baa8e82c17c063341abda8f7ce25ef0d075583fd9d0e04e42ebd6202b56fb2b8658aa058d776dd2c179ac1e01a26474e05e2e3326b037828b980d4ec777b885260057d4368c6e6775a1d4f0451887f7494be7e00a6ef05cbe11ba4f19999708e3cfb96e638062ba88962b922180f73310c530cb3e980172c41a710d8390b5ee344017a83a2682f18b884c6f89ffd9);
INSERT INTO `varietas` (`id`, `nama`, `grup`, `foto`) VALUES
(2, 'D x P AVROS', '', 0x30),
(3, 'D x P Simalungun', '', 0x30),
(4, 'D x P PPKS 540', '', 0x30),
(5, 'D x P Yangambi', '', 0x30),
(6, 'D x P PPKS 718', '', 0x30),
(7, 'D x P PPKS 239', '', 0x30),
(8, 'D x P Langkat', '', 0x30);

--
-- Indexes for dumped tables
--

--
-- Indexes for table `kriteria`
--
ALTER TABLE `kriteria`
  ADD PRIMARY KEY (`id`);

--
-- Indexes for table `kriteria_varietas`
--
ALTER TABLE `kriteria_varietas`
  ADD PRIMARY KEY (`id`),
  ADD KEY `varietas_kriteria_varietas` (`varietas_id`),
  ADD KEY `kriteria_kriteria_varietas` (`kriteria_id`);

--
-- Indexes for table `pengguna`
--
ALTER TABLE `pengguna`
  ADD PRIMARY KEY (`id`),
  ADD UNIQUE KEY `username_unique` (`username`);

--
-- Indexes for table `perbandingankriteria`
--
ALTER TABLE `perbandingankriteria`
  ADD PRIMARY KEY (`id`),
  ADD KEY `pengguna_perbandingankriteria` (`pengguna_id`),
  ADD KEY `kriteria1_perbandingankriteria` (`kriteria1_id`),
  ADD KEY `kriteria2_perbandingankriteria` (`kriteria2_id`);

--
-- Indexes for table `preferensialternatif`
--
ALTER TABLE `preferensialternatif`
  ADD PRIMARY KEY (`id`),
  ADD KEY `pengguna_preferensialternatif` (`pengguna_id`),
  ADD KEY `varietas_preferensialternatif` (`varietas_id`);

--
-- Indexes for table `pvector_kriteria`
--
ALTER TABLE `pvector_kriteria`
  ADD PRIMARY KEY (`id`),
  ADD KEY `pengguna_pvector_kriteria` (`pengguna_id`),
  ADD KEY `kriteria_pvector_kriteria` (`kriteria_id`);

--
-- Indexes for table `varietas`
--
ALTER TABLE `varietas`
  ADD PRIMARY KEY (`id`);

--
-- AUTO_INCREMENT for dumped tables
--

--
-- AUTO_INCREMENT for table `kriteria`
--
ALTER TABLE `kriteria`
  MODIFY `id` int(11) NOT NULL AUTO_INCREMENT, AUTO_INCREMENT=9;

--
-- AUTO_INCREMENT for table `kriteria_varietas`
--
ALTER TABLE `kriteria_varietas`
  MODIFY `id` int(11) NOT NULL AUTO_INCREMENT, AUTO_INCREMENT=140;

--
-- AUTO_INCREMENT for table `pengguna`
--
ALTER TABLE `pengguna`
  MODIFY `id` int(11) NOT NULL AUTO_INCREMENT, AUTO_INCREMENT=13;

--
-- AUTO_INCREMENT for table `perbandingankriteria`
--
ALTER TABLE `perbandingankriteria`
  MODIFY `id` int(11) NOT NULL AUTO_INCREMENT, AUTO_INCREMENT=1485;

--
-- AUTO_INCREMENT for table `preferensialternatif`
--
ALTER TABLE `preferensialternatif`
  MODIFY `id` int(11) NOT NULL AUTO_INCREMENT, AUTO_INCREMENT=105;

--
-- AUTO_INCREMENT for table `pvector_kriteria`
--
ALTER TABLE `pvector_kriteria`
  MODIFY `id` int(11) NOT NULL AUTO_INCREMENT, AUTO_INCREMENT=257;

--
-- AUTO_INCREMENT for table `varietas`
--
ALTER TABLE `varietas`
  MODIFY `id` int(11) NOT NULL AUTO_INCREMENT, AUTO_INCREMENT=16;

--
-- Constraints for dumped tables
--

--
-- Constraints for table `kriteria_varietas`
--
ALTER TABLE `kriteria_varietas`
  ADD CONSTRAINT `kriteria_kriteria_varietas` FOREIGN KEY (`kriteria_id`) REFERENCES `kriteria` (`id`) ON DELETE CASCADE ON UPDATE CASCADE,
  ADD CONSTRAINT `varietas_kriteria_varietas` FOREIGN KEY (`varietas_id`) REFERENCES `varietas` (`id`) ON DELETE CASCADE ON UPDATE CASCADE;

--
-- Constraints for table `perbandingankriteria`
--
ALTER TABLE `perbandingankriteria`
  ADD CONSTRAINT `kriteria1_perbandingankriteria` FOREIGN KEY (`kriteria1_id`) REFERENCES `kriteria` (`id`) ON DELETE CASCADE ON UPDATE CASCADE,
  ADD CONSTRAINT `kriteria2_perbandingankriteria` FOREIGN KEY (`kriteria2_id`) REFERENCES `kriteria` (`id`),
  ADD CONSTRAINT `pengguna_perbandingankriteria` FOREIGN KEY (`pengguna_id`) REFERENCES `pengguna` (`id`) ON DELETE CASCADE ON UPDATE CASCADE;

--
-- Constraints for table `preferensialternatif`
--
ALTER TABLE `preferensialternatif`
  ADD CONSTRAINT `pengguna_preferensialternatif` FOREIGN KEY (`pengguna_id`) REFERENCES `pengguna` (`id`) ON DELETE CASCADE ON UPDATE CASCADE,
  ADD CONSTRAINT `varietas_preferensialternatif` FOREIGN KEY (`varietas_id`) REFERENCES `varietas` (`id`) ON DELETE CASCADE ON UPDATE CASCADE;

--
-- Constraints for table `pvector_kriteria`
--
ALTER TABLE `pvector_kriteria`
  ADD CONSTRAINT `kriteria_pvector_kriteria` FOREIGN KEY (`kriteria_id`) REFERENCES `kriteria` (`id`) ON DELETE CASCADE ON UPDATE CASCADE,
  ADD CONSTRAINT `pengguna_pvector_kriteria` FOREIGN KEY (`pengguna_id`) REFERENCES `pengguna` (`id`) ON DELETE CASCADE ON UPDATE CASCADE;
COMMIT;

/*!40101 SET CHARACTER_SET_CLIENT=@OLD_CHARACTER_SET_CLIENT */;
/*!40101 SET CHARACTER_SET_RESULTS=@OLD_CHARACTER_SET_RESULTS */;
/*!40101 SET COLLATION_CONNECTION=@OLD_COLLATION_CONNECTION */;
